symbol,timestamp,open,high,low,close,volume,trade_count,vwap
SPY,2025-07-17 08:00:00+00:00,624.4,624.4,624.32,624.39,2480.0,47.0,624.350971
SPY,2025-07-17 08:01:00+00:00,624.47,624.55,624.47,624.55,1039.0,31.0,624.505
SPY,2025-07-17 08:02:00+00:00,624.54,624.54,624.54,624.54,304.0,13.0,624.54
SPY,2025-07-17 08:03:00+00:00,624.61,624.61,624.58,624.58,905.0,27.0,624.585556
SPY,2025-07-17 08:04:00+00:00,624.55,624.55,624.55,624.55,554.0,17.0,624.55
SPY,2025-07-17 08:05:00+00:00,624.47,624.47,624.45,624.45,1056.0,20.0,624.462
SPY,2025-07-17 08:06:00+00:00,624.59,624.59,624.58,624.58,1566.0,24.0,624.588143
SPY,2025-07-17 08:07:00+00:00,624.46,624.46,624.46,624.46,533.0,21.0,624.46
SPY,2025-07-17 08:08:00+00:00,624.45,624.5,624.45,624.5,715.0,12.0,624.475424
SPY,2025-07-17 08:09:00+00:00,624.51,624.55,624.51,624.55,787.0,17.0,624.52
SPY,2025-07-17 08:11:00+00:00,624.59,624.64,624.59,624.64,760.0,22.0,624.606949
SPY,2025-07-17 08:15:00+00:00,624.58,624.58,624.56,624.56,1012.0,23.0,624.5675
SPY,2025-07-17 08:16:00+00:00,624.63,624.63,624.63,624.63,287.0,9.0,624.63
SPY,2025-07-17 08:17:00+00:00,624.48,624.48,624.48,624.48,1593.0,33.0,624.48
SPY,2025-07-17 08:18:00+00:00,624.36,624.37,624.35,624.37,3145.0,42.0,624.357923
SPY,2025-07-17 08:19:00+00:00,624.34,624.34,624.34,624.34,524.0,13.0,624.34
SPY,2025-07-17 08:20:00+00:00,624.33,624.34,624.32,624.34,1676.0,23.0,624.328288
SPY,2025-07-17 08:22:00+00:00,624.4,624.4,624.4,624.4,690.0,27.0,624.4
SPY,2025-07-17 08:23:00+00:00,624.41,624.41,624.36,624.36,952.0,19.0,624.367143
SPY,2025-07-17 08:24:00+00:00,624.36,624.36,624.25,624.25,972.0,46.0,624.286667
SPY,2025-07-17 08:25:00+00:00,624.24,624.24,624.24,624.24,1055.0,30.0,624.24
SPY,2025-07-17 08:26:00+00:00,624.3,624.3,624.3,624.3,239.0,7.0,624.3
SPY,2025-07-17 08:29:00+00:00,624.4,624.41,624.39,624.41,1880.0,30.0,624.405
SPY,2025-07-17 08:30:00+00:00,624.45,624.5,624.45,624.5,514.0,18.0,624.475
SPY,2025-07-17 08:31:00+00:00,624.47,624.47,624.42,624.42,1245.0,33.0,624.452557
SPY,2025-07-17 08:32:00+00:00,624.36,624.36,624.36,624.36,175.0,6.0,624.36
SPY,2025-07-17 08:33:00+00:00,624.49,624.5,624.46,624.46,671.0,9.0,624.484132
SPY,2025-07-17 08:34:00+00:00,624.39,624.39,624.39,624.39,394.0,10.0,624.39
SPY,2025-07-17 08:38:00+00:00,624.46,624.53,624.46,624.53,720.0,8.0,624.513333
SPY,2025-07-17 08:39:00+00:00,624.55,624.55,624.55,624.55,709.0,12.0,624.55
SPY,2025-07-17 08:41:00+00:00,624.62,624.62,624.62,624.62,190.0,11.0,624.62
SPY,2025-07-17 08:42:00+00:00,624.57,624.57,624.57,624.57,946.0,20.0,624.57
SPY,2025-07-17 08:43:00+00:00,624.65,624.65,624.61,624.61,1692.0,27.0,624.639083
SPY,2025-07-17 08:44:00+00:00,624.62,624.62,624.54,624.59,1157.0,36.0,624.573333
SPY,2025-07-17 08:45:00+00:00,624.59,624.59,624.57,624.57,322.0,13.0,624.58
SPY,2025-07-17 08:46:00+00:00,624.41,624.41,624.29,624.31,1393.0,24.0,624.315295
SPY,2025-07-17 08:47:00+00:00,624.39,624.45,624.37,624.45,2492.0,30.0,624.387022
SPY,2025-07-17 08:51:00+00:00,624.44,624.48,624.44,624.48,580.0,12.0,624.453333
SPY,2025-07-17 08:52:00+00:00,624.61,624.63,624.61,624.63,2187.0,55.0,624.626289
SPY,2025-07-17 08:53:00+00:00,624.65,624.65,624.65,624.65,364.0,5.0,624.65
SPY,2025-07-17 08:54:00+00:00,624.65,624.65,624.65,624.65,679.0,16.0,624.65
SPY,2025-07-17 08:55:00+00:00,624.65,624.68,624.65,624.67,745.0,15.0,624.667073
SPY,2025-07-17 08:57:00+00:00,624.7,624.7,624.69,624.69,1504.0,38.0,624.696667
SPY,2025-07-17 09:00:00+00:00,624.59,624.6,624.59,624.6,474.0,15.0,624.595
SPY,2025-07-17 09:01:00+00:00,624.66,624.66,624.63,624.64,1324.0,28.0,624.641905
SPY,2025-07-17 09:02:00+00:00,624.67,624.73,624.67,624.73,827.0,26.0,624.694691
SPY,2025-07-17 09:03:00+00:00,624.76,624.8,624.76,624.8,2204.0,42.0,624.781356
SPY,2025-07-17 09:07:00+00:00,624.67,624.69,624.67,624.69,2947.0,25.0,624.680763
SPY,2025-07-17 09:08:00+00:00,624.83,624.83,624.83,624.83,4828.0,43.0,624.83
SPY,2025-07-17 09:09:00+00:00,624.86,624.86,624.86,624.86,416.0,7.0,624.86
SPY,2025-07-17 09:12:00+00:00,624.82,624.82,624.82,624.82,660.0,22.0,624.82
SPY,2025-07-17 09:14:00+00:00,624.94,624.94,624.94,624.94,333.0,12.0,624.94
SPY,2025-07-17 09:15:00+00:00,624.9,624.9,624.9,624.9,489.0,8.0,624.9
SPY,2025-07-17 09:16:00+00:00,624.91,624.95,624.91,624.95,742.0,15.0,624.94
SPY,2025-07-17 09:17:00+00:00,624.97,625.0,624.97,625.0,776.0,40.0,624.982658
SPY,2025-07-17 09:18:00+00:00,625.01,625.01,625.01,625.01,836.0,25.0,625.01
SPY,2025-07-17 09:21:00+00:00,624.92,624.92,624.91,624.92,1969.0,40.0,624.9125
SPY,2025-07-17 09:23:00+00:00,624.87,624.87,624.87,624.87,473.0,18.0,624.87
SPY,2025-07-17 09:24:00+00:00,624.86,624.86,624.82,624.82,764.0,15.0,624.850698
SPY,2025-07-17 09:25:00+00:00,624.88,624.88,624.88,624.88,959.0,10.0,624.88
SPY,2025-07-17 09:26:00+00:00,624.89,624.89,624.89,624.89,510.0,13.0,624.89
SPY,2025-07-17 09:27:00+00:00,624.85,624.85,624.85,624.85,356.0,13.0,624.85
SPY,2025-07-17 09:30:00+00:00,624.93,624.93,624.93,624.93,922.0,16.0,624.93
SPY,2025-07-17 09:31:00+00:00,625.02,625.02,625.02,625.02,541.0,23.0,625.02
SPY,2025-07-17 09:32:00+00:00,625.01,625.01,624.98,624.98,316.0,7.0,624.995
SPY,2025-07-17 09:34:00+00:00,624.95,625.01,624.95,625.01,5014.0,61.0,625.001141
SPY,2025-07-17 09:35:00+00:00,625.01,625.01,624.99,624.99,869.0,15.0,625.0
SPY,2025-07-17 09:36:00+00:00,625.0,625.0,625.0,625.0,785.0,21.0,625.0
SPY,2025-07-17 09:38:00+00:00,624.96,624.97,624.96,624.97,1044.0,14.0,624.968
SPY,2025-07-17 09:42:00+00:00,624.86,624.86,624.86,624.86,296.0,4.0,624.86
SPY,2025-07-17 09:43:00+00:00,624.8,624.8,624.8,624.8,262.0,4.0,624.8
SPY,2025-07-17 09:45:00+00:00,624.85,624.85,624.85,624.85,304.0,9.0,624.85
SPY,2025-07-17 09:47:00+00:00,624.83,624.83,624.83,624.83,544.0,14.0,624.83
SPY,2025-07-17 09:51:00+00:00,624.76,624.76,624.71,624.71,747.0,14.0,624.749362
SPY,2025-07-17 09:52:00+00:00,624.71,624.71,624.71,624.71,441.0,10.0,624.71
SPY,2025-07-17 09:57:00+00:00,624.66,624.66,624.64,624.64,631.0,19.0,624.654595
SPY,2025-07-17 10:00:00+00:00,624.68,624.68,624.68,624.68,139.0,5.0,624.68
SPY,2025-07-17 10:06:00+00:00,624.7,624.7,624.7,624.7,303.0,7.0,624.7
SPY,2025-07-17 10:08:00+00:00,624.69,624.71,624.69,624.71,1097.0,20.0,624.70375
SPY,2025-07-17 10:09:00+00:00,624.67,624.67,624.67,624.67,166.0,8.0,624.67
SPY,2025-07-17 10:11:00+00:00,624.62,624.62,624.61,624.61,413.0,11.0,624.614545
SPY,2025-07-17 10:12:00+00:00,624.72,624.72,624.69,624.69,406.0,13.0,624.704423
SPY,2025-07-17 10:13:00+00:00,624.66,624.66,624.66,624.66,367.0,10.0,624.66
SPY,2025-07-17 10:14:00+00:00,624.59,624.59,624.59,624.59,349.0,33.0,624.59
SPY,2025-07-17 10:15:00+00:00,624.6,624.6,624.6,624.6,587.0,17.0,624.6
SPY,2025-07-17 10:17:00+00:00,624.57,624.57,624.57,624.57,258.0,7.0,624.57
SPY,2025-07-17 10:19:00+00:00,624.61,624.62,624.61,624.61,2548.0,55.0,624.612469
SPY,2025-07-17 10:20:00+00:00,624.53,624.53,624.53,624.53,1202.0,18.0,624.53
SPY,2025-07-17 10:21:00+00:00,624.59,624.59,624.49,624.56,3161.0,41.0,624.576609
SPY,2025-07-17 10:22:00+00:00,624.53,624.53,624.52,624.52,5302.0,72.0,624.529758
SPY,2025-07-17 10:23:00+00:00,624.53,624.53,624.53,624.53,387.0,12.0,624.53
SPY,2025-07-17 10:24:00+00:00,624.5,624.51,624.5,624.51,635.0,14.0,624.503939
SPY,2025-07-17 10:25:00+00:00,624.45,624.48,624.45,624.48,323.0,5.0,624.47
SPY,2025-07-17 10:26:00+00:00,624.45,624.5,624.45,624.5,657.0,13.0,624.466667
SPY,2025-07-17 10:27:00+00:00,624.53,624.53,624.53,624.53,521.0,12.0,624.53
SPY,2025-07-17 10:28:00+00:00,624.59,624.59,624.59,624.59,407.0,13.0,624.59
SPY,2025-07-17 10:38:00+00:00,624.65,624.65,624.65,624.65,1083.0,7.0,624.65
SPY,2025-07-17 10:40:00+00:00,624.73,624.73,624.67,624.67,10845.0,62.0,624.697297
SPY,2025-07-17 10:41:00+00:00,624.71,624.74,624.71,624.74,2266.0,31.0,624.729375
SPY,2025-07-17 10:42:00+00:00,624.58,624.58,624.58,624.58,406.0,12.0,624.58
SPY,2025-07-17 10:43:00+00:00,624.58,624.61,624.58,624.61,867.0,16.0,624.603847
SPY,2025-07-17 10:44:00+00:00,624.51,624.56,624.51,624.56,795.0,15.0,624.55
SPY,2025-07-17 10:45:00+00:00,624.58,624.58,624.58,624.58,702.0,10.0,624.58
SPY,2025-07-17 10:46:00+00:00,624.67,624.67,624.67,624.67,203.0,6.0,624.67
SPY,2025-07-17 10:47:00+00:00,624.58,624.59,624.57,624.57,1685.0,24.0,624.578462
SPY,2025-07-17 10:48:00+00:00,624.44,624.44,624.44,624.44,884.0,23.0,624.44
SPY,2025-07-17 10:49:00+00:00,624.41,624.41,624.38,624.39,2219.0,69.0,624.395
SPY,2025-07-17 10:50:00+00:00,624.35,624.36,624.35,624.36,857.0,21.0,624.356667
SPY,2025-07-17 10:51:00+00:00,624.4,624.41,624.4,624.4,1031.0,14.0,624.401667
SPY,2025-07-17 10:52:00+00:00,624.41,624.41,624.32,624.32,5780.0,40.0,624.398525
SPY,2025-07-17 10:54:00+00:00,624.39,624.39,624.38,624.38,297.0,6.0,624.385
SPY,2025-07-17 10:55:00+00:00,624.36,624.38,624.36,624.38,2530.0,35.0,624.367368
SPY,2025-07-17 10:56:00+00:00,624.32,624.32,624.25,624.28,1360.0,38.0,624.278712
SPY,2025-07-17 10:57:00+00:00,624.27,624.45,624.26,624.44,7673.0,87.0,624.317138
SPY,2025-07-17 10:59:00+00:00,624.4,624.4,624.3,624.3,1996.0,19.0,624.35356
SPY,2025-07-17 11:00:00+00:00,624.3,624.31,623.98,623.99,18384.0,245.0,624.120324
SPY,2025-07-17 11:01:00+00:00,623.95,624.03,623.9,624.03,5504.0,73.0,623.976551
SPY,2025-07-17 11:02:00+00:00,624.1,624.1,624.02,624.04,3853.0,49.0,624.073086
SPY,2025-07-17 11:03:00+00:00,624.05,624.05,624.03,624.03,1400.0,37.0,624.04
SPY,2025-07-17 11:04:00+00:00,624.0,624.0,623.94,623.99,3634.0,65.0,623.986135
SPY,2025-07-17 11:05:00+00:00,624.01,624.16,624.01,624.16,1637.0,36.0,624.081739
SPY,2025-07-17 11:06:00+00:00,624.2,624.24,624.12,624.12,3448.0,47.0,624.177037
SPY,2025-07-17 11:08:00+00:00,624.26,624.26,624.23,624.24,1093.0,29.0,624.24
SPY,2025-07-17 11:09:00+00:00,624.22,624.22,624.22,624.22,206.0,4.0,624.22
SPY,2025-07-17 11:10:00+00:00,624.11,624.2,624.11,624.2,1828.0,29.0,624.176832
SPY,2025-07-17 11:11:00+00:00,624.28,624.29,624.2,624.2,1995.0,44.0,624.261342
SPY,2025-07-17 11:12:00+00:00,624.27,624.27,624.27,624.27,187.0,10.0,624.27
SPY,2025-07-17 11:14:00+00:00,624.25,624.25,624.25,624.25,470.0,12.0,624.25
SPY,2025-07-17 11:15:00+00:00,624.25,624.25,624.25,624.25,590.0,14.0,624.25
SPY,2025-07-17 11:16:00+00:00,624.1,624.1,624.1,624.1,606.0,31.0,624.1
SPY,2025-07-17 11:17:00+00:00,624.1,624.1,624.04,624.1,3802.0,47.0,624.074519
SPY,2025-07-17 11:18:00+00:00,624.19,624.19,624.14,624.14,1393.0,29.0,624.17
SPY,2025-07-17 11:19:00+00:00,624.12,624.12,624.1,624.12,2630.0,52.0,624.118333
SPY,2025-07-17 11:20:00+00:00,624.12,624.16,624.12,624.16,730.0,15.0,624.14
SPY,2025-07-17 11:21:00+00:00,624.13,624.14,624.13,624.14,441.0,12.0,624.135
SPY,2025-07-17 11:23:00+00:00,624.16,624.16,624.16,624.16,163.0,7.0,624.16
SPY,2025-07-17 11:26:00+00:00,624.25,624.34,624.25,624.34,1593.0,27.0,624.30875
SPY,2025-07-17 11:27:00+00:00,624.3,624.3,624.26,624.26,1109.0,20.0,624.293333
SPY,2025-07-17 11:28:00+00:00,624.19,624.21,624.19,624.21,494.0,13.0,624.203548
SPY,2025-07-17 11:29:00+00:00,624.22,624.24,624.22,624.22,709.0,10.0,624.224695
SPY,2025-07-17 11:30:00+00:00,624.15,624.15,624.15,624.15,425.0,18.0,624.15
SPY,2025-07-17 11:31:00+00:00,624.05,624.11,624.05,624.075,1476.0,22.0,624.0886
SPY,2025-07-17 11:32:00+00:00,623.89,624.0,623.89,624.0,2462.0,55.0,623.931111
SPY,2025-07-17 11:33:00+00:00,623.99,623.99,623.99,623.99,930.0,18.0,623.99
SPY,2025-07-17 11:34:00+00:00,623.99,623.99,623.99,623.99,251.0,12.0,623.99
SPY,2025-07-17 11:35:00+00:00,624.04,624.04,624.04,624.04,208.0,10.0,624.04
SPY,2025-07-17 11:36:00+00:00,624.04,624.1,624.03,624.1,2711.0,40.0,624.065323
SPY,2025-07-17 11:41:00+00:00,624.08,624.08,624.08,624.08,444.0,8.0,624.08
SPY,2025-07-17 11:44:00+00:00,624.0,624.0,623.96,623.96,791.0,18.0,623.968
SPY,2025-07-17 11:45:00+00:00,624.03,624.03,624.03,624.03,533.0,13.0,624.03
SPY,2025-07-17 11:46:00+00:00,623.9,623.9,623.9,623.9,1543.0,52.0,623.9
SPY,2025-07-17 11:47:00+00:00,623.81,623.82,623.76,623.8,3617.0,54.0,623.793484
SPY,2025-07-17 11:48:00+00:00,623.78,623.81,623.78,623.81,413.0,22.0,623.795
SPY,2025-07-17 11:49:00+00:00,623.76,623.82,623.76,623.8,3246.0,44.0,623.771739
SPY,2025-07-17 11:50:00+00:00,623.84,623.86,623.84,623.86,2741.0,44.0,623.848095
SPY,2025-07-17 11:51:00+00:00,623.83,623.89,623.83,623.89,534.0,14.0,623.86
SPY,2025-07-17 11:52:00+00:00,623.85,623.85,623.85,623.85,482.0,18.0,623.85
SPY,2025-07-17 11:53:00+00:00,623.8,623.8,623.8,623.8,494.0,10.0,623.8
SPY,2025-07-17 11:55:00+00:00,623.84,623.84,623.75,623.75,7066.0,102.0,623.818904
SPY,2025-07-17 11:58:00+00:00,623.91,623.91,623.9,623.9,378.0,8.0,623.905
SPY,2025-07-17 11:59:00+00:00,623.94,623.94,623.87,623.87,10481.0,73.0,623.877341
SPY,2025-07-17 12:00:00+00:00,624.01,625.0,623.27,624.0287,38914.0,1748.0,624.100904
SPY,2025-07-17 12:01:00+00:00,624.47,624.47,623.95,623.95,9597.0,400.0,624.145871
SPY,2025-07-17 12:02:00+00:00,623.9901,624.1,623.9901,624.08,2232.0,76.0,624.0214
SPY,2025-07-17 12:03:00+00:00,624.07,624.07,624.07,624.07,480.0,31.0,624.07
SPY,2025-07-17 12:04:00+00:00,624.081,624.081,624.05,624.05,2261.0,45.0,624.073257
SPY,2025-07-17 12:05:00+00:00,624.099,624.13,624.09,624.11,1249.0,37.0,624.104973
SPY,2025-07-17 12:06:00+00:00,624.09,624.17,624.09,624.15,3129.0,40.0,624.136246
SPY,2025-07-17 12:07:00+00:00,624.1,624.1,624.09,624.09,1205.0,42.0,624.09688
SPY,2025-07-17 12:08:00+00:00,624.1895,624.1895,624.13,624.1501,4731.0,97.0,624.152959
SPY,2025-07-17 12:09:00+00:00,624.19,624.2,624.13,624.13,2694.0,58.0,624.189074
SPY,2025-07-17 12:10:00+00:00,624.1701,624.19,624.1701,624.18,2694.0,40.0,624.176565
SPY,2025-07-17 12:11:00+00:00,624.22,624.24,624.21,624.2199,2894.0,62.0,624.225547
SPY,2025-07-17 12:12:00+00:00,624.23,624.23,624.15,624.15,6250.0,79.0,624.178323
SPY,2025-07-17 12:13:00+00:00,624.05,624.09,624.05,624.09,1428.0,43.0,624.085294
SPY,2025-07-17 12:14:00+00:00,624.07,624.07,623.96,623.96,2966.0,68.0,624.005294
SPY,2025-07-17 12:15:00+00:00,623.95,623.9999,623.92,623.98,3329.0,47.0,623.954073
SPY,2025-07-17 12:16:00+00:00,623.95,623.95,623.89,623.89,3854.0,76.0,623.915674
SPY,2025-07-17 12:17:00+00:00,623.95,623.98,623.9297,623.98,1173.0,30.0,623.951492
SPY,2025-07-17 12:18:00+00:00,624.05,624.05,624.03,624.04,5643.0,61.0,624.031997
SPY,2025-07-17 12:19:00+00:00,624.0,624.02,623.96,623.98,3639.0,41.0,623.985686
SPY,2025-07-17 12:20:00+00:00,623.92,623.92,623.8,623.83,6121.0,78.0,623.859875
SPY,2025-07-17 12:21:00+00:00,623.84,623.84,623.79,623.79,1792.0,53.0,623.819925
SPY,2025-07-17 12:22:00+00:00,623.77,623.79,623.76,623.77,8542.0,106.0,623.779841
SPY,2025-07-17 12:23:00+00:00,623.82,623.83,623.73,623.8,7490.0,119.0,623.780118
SPY,2025-07-17 12:24:00+00:00,623.84,624.03,623.83,624.03,4940.0,86.0,623.915284
SPY,2025-07-17 12:25:00+00:00,624.09,624.09,624.03,624.08,2793.0,55.0,624.044
SPY,2025-07-17 12:26:00+00:00,624.09,624.09,624.05,624.0501,1038.0,33.0,624.060025
SPY,2025-07-17 12:27:00+00:00,624.03,624.07,624.03,624.06,1956.0,42.0,624.052
SPY,2025-07-17 12:28:00+00:00,624.05,624.11,624.03,624.03,5583.0,40.0,624.096111
SPY,2025-07-17 12:29:00+00:00,624.08,624.14,624.08,624.14,5019.0,73.0,624.11578
SPY,2025-07-17 12:30:00+00:00,624.24,624.6,624.17,624.5,53472.0,440.0,624.418152
SPY,2025-07-17 12:31:00+00:00,624.53,624.54,624.16,624.24,24826.0,303.0,624.297782
SPY,2025-07-17 12:32:00+00:00,624.27,624.33,623.92,623.97,15222.0,244.0,624.163884
SPY,2025-07-17 12:33:00+00:00,623.9999,624.1,623.9999,624.08,9080.0,154.0,624.042707
SPY,2025-07-17 12:34:00+00:00,624.14,624.19,624.07,624.1,11437.0,185.0,624.128502
SPY,2025-07-17 12:35:00+00:00,624.09,624.3,624.08,624.27,6087.0,134.0,624.21299
SPY,2025-07-17 12:36:00+00:00,624.12,624.41,624.12,624.41,7742.0,144.0,624.315617
SPY,2025-07-17 12:37:00+00:00,624.4,624.4697,624.4,624.4697,1981.0,69.0,624.440532
SPY,2025-07-17 12:38:00+00:00,624.5,624.54,624.47,624.52,5565.0,100.0,624.505634
SPY,2025-07-17 12:39:00+00:00,624.5,624.64,624.47,624.64,13731.0,135.0,624.553878
SPY,2025-07-17 12:40:00+00:00,624.64,624.72,624.62,624.65,6785.0,120.0,624.654499
SPY,2025-07-17 12:41:00+00:00,624.66,624.69,624.6,624.69,3925.0,109.0,624.652469
SPY,2025-07-17 12:42:00+00:00,624.65,624.69,624.58,624.62,3726.0,73.0,624.667581
SPY,2025-07-17 12:43:00+00:00,624.69,624.85,624.68,624.85,10977.0,174.0,624.745285
SPY,2025-07-17 12:44:00+00:00,624.9,624.91,624.84,624.84,7873.0,146.0,624.88293
SPY,2025-07-17 12:45:00+00:00,624.87,624.91,624.77,624.77,6798.0,96.0,624.821436
SPY,2025-07-17 12:46:00+00:00,624.79,624.84,624.79,624.84,1873.0,60.0,624.831461
SPY,2025-07-17 12:47:00+00:00,624.81,624.83,624.78,624.79,8491.0,88.0,624.809761
SPY,2025-07-17 12:48:00+00:00,624.84,624.93,624.84,624.93,5601.0,92.0,624.886087
SPY,2025-07-17 12:49:00+00:00,624.91,624.98,624.91,624.97,12851.0,145.0,624.956723
SPY,2025-07-17 12:50:00+00:00,624.97,625.0,624.93,624.93,8520.0,185.0,624.965805
SPY,2025-07-17 12:51:00+00:00,624.91,625.02,624.9,625.02,5249.0,77.0,624.942664
SPY,2025-07-17 12:52:00+00:00,624.98,625.1,624.98,625.06,14057.0,215.0,625.068159
SPY,2025-07-17 12:53:00+00:00,625.09,625.2306,625.09,625.2306,9487.0,181.0,625.147109
SPY,2025-07-17 12:54:00+00:00,625.25,625.41,625.25,625.41,10589.0,158.0,625.327132
SPY,2025-07-17 12:55:00+00:00,625.37,625.41,625.3,625.31,37771.0,297.0,625.378531
SPY,2025-07-17 12:56:00+00:00,625.31,625.31,625.17,625.2,10438.0,145.0,625.232798
SPY,2025-07-17 12:57:00+00:00,625.19,625.2596,625.19,625.19,5304.0,85.0,625.201368
SPY,2025-07-17 12:58:00+00:00,625.21,625.3,625.21,625.3,2845.0,58.0,625.258269
SPY,2025-07-17 12:59:00+00:00,625.35,625.35,625.31,625.34,2940.0,73.0,625.340462
SPY,2025-07-17 13:00:00+00:00,625.34,625.35,625.23,625.24,13438.0,151.0,625.292912
SPY,2025-07-17 13:01:00+00:00,625.27,625.57,625.27,625.57,21057.0,282.0,625.456719
SPY,2025-07-17 13:02:00+00:00,625.58,625.61,625.5,625.5,15951.0,150.0,625.579516
SPY,2025-07-17 13:03:00+00:00,625.53,625.5499,625.37,625.37,5337.0,109.0,625.489841
SPY,2025-07-17 13:04:00+00:00,625.3602,625.45,625.3404,625.45,5680.0,83.0,625.387525
SPY,2025-07-17 13:05:00+00:00,625.41,625.499,625.39,625.499,2012.0,53.0,625.426069
SPY,2025-07-17 13:06:00+00:00,625.51,625.53,625.47,625.48,18341.0,171.0,625.500004
SPY,2025-07-17 13:07:00+00:00,625.54,625.6,625.5,625.5,6138.0,92.0,625.560369
SPY,2025-07-17 13:08:00+00:00,625.4904,625.5,625.46,625.4699,3590.0,72.0,625.481893
SPY,2025-07-17 13:09:00+00:00,625.441,625.5,625.43,625.4411,5668.0,85.0,625.453908
SPY,2025-07-17 13:10:00+00:00,625.43,625.43,625.41,625.42,2586.0,68.0,625.424869
SPY,2025-07-17 13:11:00+00:00,625.36,625.45,625.36,625.41,3752.0,67.0,625.383997
SPY,2025-07-17 13:12:00+00:00,625.42,625.42,625.36,625.36,3215.0,60.0,625.371465
SPY,2025-07-17 13:13:00+00:00,625.36,625.3799,625.27,625.28,5275.0,119.0,625.319172
SPY,2025-07-17 13:14:00+00:00,625.28,625.3,625.21,625.23,6463.0,93.0,625.269952
SPY,2025-07-17 13:15:00+00:00,625.16,625.19,625.14,625.16,17843.0,126.0,625.170665
SPY,2025-07-17 13:16:00+00:00,625.16,625.16,625.01,625.01,8267.0,107.0,625.075893
SPY,2025-07-17 13:17:00+00:00,625.0,625.01,624.9,624.9,6464.0,115.0,624.931603
SPY,2025-07-17 13:18:00+00:00,624.84,624.8992,624.84,624.8599,3834.0,71.0,624.860028
SPY,2025-07-17 13:19:00+00:00,624.8499,624.86,624.8499,624.85,2882.0,51.0,624.850681
SPY,2025-07-17 13:20:00+00:00,624.83,624.84,624.74,624.74,9241.0,129.0,624.79058
SPY,2025-07-17 13:21:00+00:00,624.759,624.8,624.7,624.73,25865.0,176.0,624.76069
SPY,2025-07-17 13:22:00+00:00,624.68,624.74,624.61,624.72,8653.0,153.0,624.669744
SPY,2025-07-17 13:23:00+00:00,624.72,624.72,624.67,624.71,2460.0,59.0,624.687848
SPY,2025-07-17 13:24:00+00:00,624.73,624.79,624.62,624.62,4375.0,125.0,624.719804
SPY,2025-07-17 13:25:00+00:00,624.69,624.76,624.68,624.72,9309.0,89.0,624.736349
SPY,2025-07-17 13:26:00+00:00,624.72,624.78,624.72,624.75,3277.0,138.0,624.748376
SPY,2025-07-17 13:27:00+00:00,624.73,624.75,624.66,624.7,10839.0,187.0,624.720245
SPY,2025-07-17 13:28:00+00:00,624.75,624.76,624.53,624.62,29714.0,312.0,624.621612
SPY,2025-07-17 13:29:00+00:00,624.6,624.6,624.44,624.44,43135.0,259.0,624.522923
SPY,2025-07-17 13:30:00+00:00,624.43,624.7,624.18,624.44,692974.0,7626.0,624.393053
SPY,2025-07-17 13:31:00+00:00,624.44,624.88,624.43,624.72,242059.0,3336.0,624.659509
SPY,2025-07-17 13:32:00+00:00,624.71,624.85,624.5299,624.53,266861.0,3500.0,624.725207
SPY,2025-07-17 13:33:00+00:00,624.52,624.6,624.41,624.55,156532.0,2498.0,624.497392
SPY,2025-07-17 13:34:00+00:00,624.54,624.66,624.3619,624.6499,173071.0,2462.0,624.523156
SPY,2025-07-17 13:35:00+00:00,624.65,624.78,624.47,624.7152,269075.0,3415.0,624.595561
SPY,2025-07-17 13:36:00+00:00,624.71,624.71,624.42,624.555,182604.0,2403.0,624.558758
SPY,2025-07-17 13:37:00+00:00,624.555,624.92,624.53,624.84,200370.0,2554.0,624.721437
SPY,2025-07-17 13:38:00+00:00,624.85,624.9199,624.665,624.7951,159701.0,2059.0,624.791751
SPY,2025-07-17 13:39:00+00:00,624.795,624.885,624.735,624.79,113714.0,1608.0,624.818978
SPY,2025-07-17 13:40:00+00:00,624.79,625.13,624.67,625.13,198031.0,2847.0,624.937693
SPY,2025-07-17 13:41:00+00:00,625.125,625.41,625.07,625.39,243538.0,2875.0,625.258799
SPY,2025-07-17 13:42:00+00:00,625.38,625.585,625.38,625.515,286499.0,3560.0,625.516154
SPY,2025-07-17 13:43:00+00:00,625.52,625.61,625.405,625.44,248034.0,2846.0,625.51436
SPY,2025-07-17 13:44:00+00:00,625.455,625.64,625.43,625.575,134718.0,1935.0,625.54803
SPY,2025-07-17 13:45:00+00:00,625.58,625.665,625.49,625.53,240135.0,3063.0,625.590921
SPY,2025-07-17 13:46:00+00:00,625.5237,625.655,625.48,625.55,148373.0,2068.0,625.55948
SPY,2025-07-17 13:47:00+00:00,625.55,625.6,625.43,625.46,150489.0,2002.0,625.526901
SPY,2025-07-17 13:48:00+00:00,625.46,625.65,625.46,625.62,117694.0,1794.0,625.590669
SPY,2025-07-17 13:49:00+00:00,625.63,625.96,625.63,625.95,202585.0,2655.0,625.810711
SPY,2025-07-17 13:50:00+00:00,625.96,626.02,625.8593,625.88,292034.0,2975.0,625.955299
SPY,2025-07-17 13:51:00+00:00,625.885,625.955,625.8198,625.9001,187305.0,2308.0,625.87005
SPY,2025-07-17 13:52:00+00:00,625.895,626.125,625.89,626.06,151380.0,2000.0,626.024107
SPY,2025-07-17 13:53:00+00:00,626.08,626.17,626.02,626.11,144936.0,1997.0,626.088485
SPY,2025-07-17 13:54:00+00:00,626.11,626.1981,626.0,626.02,185097.0,2179.0,626.087386
SPY,2025-07-17 13:55:00+00:00,626.01,626.1,625.69,625.74,202212.0,2406.0,625.861019
SPY,2025-07-17 13:56:00+00:00,625.74,625.91,625.7,625.845,157921.0,1781.0,625.812156
SPY,2025-07-17 13:57:00+00:00,625.85,625.945,625.8,625.87,129599.0,1649.0,625.859961
SPY,2025-07-17 13:58:00+00:00,625.87,625.9001,625.83,625.86,111125.0,1268.0,625.866886
SPY,2025-07-17 13:59:00+00:00,625.85,625.86,625.62,625.78,102182.0,1464.0,625.717056
SPY,2025-07-17 14:00:00+00:00,625.79,625.9191,625.74,625.89,162431.0,1926.0,625.841
SPY,2025-07-17 14:01:00+00:00,625.89,626.18,625.85,626.12,222302.0,2553.0,626.034802
SPY,2025-07-17 14:02:00+00:00,626.125,626.165,626.0613,626.105,120205.0,1658.0,626.122556
SPY,2025-07-17 14:03:00+00:00,626.115,626.19,626.08,626.13,91377.0,2317.0,626.123714
SPY,2025-07-17 14:04:00+00:00,626.135,626.17,626.07,626.13,65516.0,1311.0,626.119337
SPY,2025-07-17 14:05:00+00:00,626.13,626.18,625.98,625.99,111404.0,1920.0,626.087964
SPY,2025-07-17 14:06:00+00:00,625.99,626.05,625.85,625.95,176875.0,2082.0,625.952196
SPY,2025-07-17 14:07:00+00:00,625.955,626.0349,625.8,626.0349,99457.0,1570.0,625.922461
SPY,2025-07-17 14:08:00+00:00,626.04,626.18,626.03,626.18,69251.0,1203.0,626.103227
SPY,2025-07-17 14:09:00+00:00,626.17,626.22,626.095,626.14,101855.0,1555.0,626.165024
SPY,2025-07-17 14:10:00+00:00,626.14,626.21,626.12,626.17,101124.0,1650.0,626.166016
SPY,2025-07-17 14:11:00+00:00,626.15,626.17,625.78,625.84,169841.0,2139.0,625.967233
SPY,2025-07-17 14:12:00+00:00,625.83,626.11,625.825,626.11,72768.0,1365.0,626.009292
SPY,2025-07-17 14:13:00+00:00,626.09,626.22,626.04,626.21,68579.0,2831.0,626.143992
SPY,2025-07-17 14:14:00+00:00,626.19,626.205,626.125,626.18,76244.0,1259.0,626.16308
SPY,2025-07-17 14:15:00+00:00,626.15,626.23,626.0,626.04,80068.0,2108.0,626.111271
SPY,2025-07-17 14:16:00+00:00,626.03,626.06,625.83,625.9,78880.0,1559.0,625.948886
SPY,2025-07-17 14:17:00+00:00,625.905,625.92,625.75,625.8051,86868.0,1617.0,625.846145
SPY,2025-07-17 14:18:00+00:00,625.78,625.79,625.56,625.68,133172.0,2052.0,625.669911
SPY,2025-07-17 14:19:00+00:00,625.68,625.7,625.47,625.47,271847.0,1573.0,625.582147
SPY,2025-07-17 14:20:00+00:00,625.48,625.5489,625.29,625.42,187750.0,2568.0,625.428455
SPY,2025-07-17 14:21:00+00:00,625.43,625.6,625.29,625.56,192171.0,2465.0,625.482117
SPY,2025-07-17 14:22:00+00:00,625.54,625.6,625.195,625.205,209759.0,2371.0,625.374675
SPY,2025-07-17 14:23:00+00:00,625.205,625.27,625.04,625.09,316219.0,2828.0,625.134281
SPY,2025-07-17 14:24:00+00:00,625.095,625.115,624.84,625.0999,291656.0,2947.0,625.028419
SPY,2025-07-17 14:25:00+00:00,625.08,625.18,624.9451,625.179,170813.0,2246.0,625.065306
SPY,2025-07-17 14:26:00+00:00,625.175,625.325,625.06,625.29,185322.0,2359.0,625.209739
SPY,2025-07-17 14:27:00+00:00,625.27,625.355,625.22,625.24,146120.0,1998.0,625.275927
SPY,2025-07-17 14:28:00+00:00,625.24,625.38,625.15,625.17,143065.0,1888.0,625.24488
SPY,2025-07-17 14:29:00+00:00,625.16,625.49,625.12,625.46,151034.0,1965.0,625.360322
SPY,2025-07-17 14:30:00+00:00,625.46,625.59,625.39,625.59,165401.0,2190.0,625.490242
SPY,2025-07-17 14:31:00+00:00,625.6,625.6391,625.47,625.54,116540.0,1713.0,625.556479
SPY,2025-07-17 14:32:00+00:00,625.54,625.76,625.52,625.76,166223.0,1865.0,625.666163
SPY,2025-07-17 14:33:00+00:00,625.76,625.808,625.665,625.71,106528.0,1639.0,625.735513
SPY,2025-07-17 14:34:00+00:00,625.71,625.81,625.66,625.7017,111252.0,1689.0,625.720303
SPY,2025-07-17 14:35:00+00:00,625.71,625.71,625.58,625.635,183439.0,2044.0,625.65655
SPY,2025-07-17 14:36:00+00:00,625.635,625.74,625.63,625.68,104963.0,1515.0,625.678207
SPY,2025-07-17 14:37:00+00:00,625.69,625.72,625.3,625.35,129380.0,1977.0,625.507737
SPY,2025-07-17 14:38:00+00:00,625.335,625.4,625.01,625.1301,126864.0,2155.0,625.183525
SPY,2025-07-17 14:39:00+00:00,625.12,625.255,625.07,625.22,91570.0,1367.0,625.188307
SPY,2025-07-17 14:40:00+00:00,625.205,625.39,625.18,625.315,110826.0,1714.0,625.27585
SPY,2025-07-17 14:41:00+00:00,625.315,625.36,625.24,625.31,61257.0,1162.0,625.300089
SPY,2025-07-17 14:42:00+00:00,625.31,625.525,625.25,625.48,126144.0,1797.0,625.418319
SPY,2025-07-17 14:43:00+00:00,625.5,625.545,625.41,625.415,97118.0,1465.0,625.498606
SPY,2025-07-17 14:44:00+00:00,625.41,625.485,625.39,625.45,65828.0,1168.0,625.439352
SPY,2025-07-17 14:45:00+00:00,625.46,625.54,625.305,625.305,109388.0,1713.0,625.426059
SPY,2025-07-17 14:46:00+00:00,625.31,625.54,625.3,625.475,212851.0,1401.0,625.42445
SPY,2025-07-17 14:47:00+00:00,625.47,625.6199,625.43,625.61,72399.0,1301.0,625.520163
SPY,2025-07-17 14:48:00+00:00,625.615,625.72,625.58,625.69,123201.0,1780.0,625.633155
SPY,2025-07-17 14:49:00+00:00,625.7,625.89,625.66,625.835,260670.0,1976.0,625.821507
SPY,2025-07-17 14:50:00+00:00,625.84,625.915,625.8,625.81,107469.0,1644.0,625.855424
SPY,2025-07-17 14:51:00+00:00,625.81,625.87,625.72,625.7412,168038.0,1737.0,625.80059
SPY,2025-07-17 14:52:00+00:00,625.74,625.805,625.7,625.76,89892.0,1473.0,625.757885
SPY,2025-07-17 14:53:00+00:00,625.76,625.86,625.73,625.8087,114562.0,1566.0,625.806101
SPY,2025-07-17 14:54:00+00:00,625.81,625.8881,625.79,625.86,108623.0,1544.0,625.836331
SPY,2025-07-17 14:55:00+00:00,625.86,625.9099,625.77,625.855,91742.0,1388.0,625.846149
SPY,2025-07-17 14:56:00+00:00,625.85,625.92,625.73,625.85,259555.0,1691.0,625.830074
SPY,2025-07-17 14:57:00+00:00,625.84,625.89,625.79,625.88,78516.0,1015.0,625.844613
SPY,2025-07-17 14:58:00+00:00,625.875,625.915,625.785,625.865,123661.0,1580.0,625.85479
SPY,2025-07-17 14:59:00+00:00,625.8652,625.91,625.79,625.812,86620.0,1313.0,625.84144
SPY,2025-07-17 15:00:00+00:00,625.815,625.99,625.79,625.97,176755.0,2176.0,625.897308
SPY,2025-07-17 15:01:00+00:00,625.98,626.0,625.905,625.97,96916.0,1277.0,625.956401
SPY,2025-07-17 15:02:00+00:00,625.97,625.99,625.91,625.95,78892.0,1125.0,625.943348
SPY,2025-07-17 15:03:00+00:00,625.957,626.0,625.94,625.9807,122575.0,1436.0,625.977767
SPY,2025-07-17 15:04:00+00:00,625.985,626.09,625.97,626.075,155539.0,1519.0,626.027838
SPY,2025-07-17 15:05:00+00:00,626.075,626.39,626.04,626.385,301136.0,2902.0,626.232298
SPY,2025-07-17 15:06:00+00:00,626.39,626.5801,626.38,626.53,246419.0,2691.0,626.50191
SPY,2025-07-17 15:07:00+00:00,626.53,626.58,626.325,626.345,262661.0,2844.0,626.438136
SPY,2025-07-17 15:08:00+00:00,626.345,626.48,626.345,626.39,223512.0,2591.0,626.417861
SPY,2025-07-17 15:09:00+00:00,626.38,626.47,626.34,626.43,135328.0,1810.0,626.42444
SPY,2025-07-17 15:10:00+00:00,626.44,626.51,626.34,626.3941,198580.0,2266.0,626.442467
SPY,2025-07-17 15:11:00+00:00,626.39,626.43,626.28,626.37,115174.0,1596.0,626.366248
SPY,2025-07-17 15:12:00+00:00,626.38,626.39,626.28,626.33,85929.0,1432.0,626.333304
SPY,2025-07-17 15:13:00+00:00,626.33,626.42,626.315,626.375,83843.0,1342.0,626.367363
SPY,2025-07-17 15:14:00+00:00,626.38,626.39,626.255,626.33,123584.0,1595.0,626.316661
SPY,2025-07-17 15:15:00+00:00,626.335,626.39,626.3,626.375,116257.0,1634.0,626.342409
SPY,2025-07-17 15:16:00+00:00,626.375,626.45,626.28,626.2851,90557.0,1476.0,626.369388
SPY,2025-07-17 15:17:00+00:00,626.29,626.36,626.27,626.28,107001.0,1542.0,626.314305
SPY,2025-07-17 15:18:00+00:00,626.2751,626.345,626.24,626.27,77013.0,1140.0,626.305872
SPY,2025-07-17 15:19:00+00:00,626.27,626.44,626.205,626.36,166129.0,2052.0,626.343034
SPY,2025-07-17 15:20:00+00:00,626.355,626.435,626.32,626.34,113477.0,1536.0,626.374852
SPY,2025-07-17 15:21:00+00:00,626.335,626.34,626.19,626.26,91986.0,1389.0,626.275505
SPY,2025-07-17 15:22:00+00:00,626.265,626.435,626.24,626.435,64559.0,1012.0,626.35285
SPY,2025-07-17 15:23:00+00:00,626.43,626.52,626.38,626.505,732175.0,1179.0,626.454065
SPY,2025-07-17 15:24:00+00:00,626.5,626.65,626.47,626.63,97871.0,1611.0,626.546709
SPY,2025-07-17 15:25:00+00:00,626.64,626.72,626.58,626.635,176859.0,2029.0,626.654436
SPY,2025-07-17 15:26:00+00:00,626.63,626.63,626.505,626.615,156180.0,1734.0,626.589642
SPY,2025-07-17 15:27:00+00:00,626.61,626.69,626.605,626.6735,84091.0,1275.0,626.639111
SPY,2025-07-17 15:28:00+00:00,626.6784,626.685,626.56,626.605,88581.0,1214.0,626.61209
SPY,2025-07-17 15:29:00+00:00,626.6,626.69,626.59,626.67,87447.0,1271.0,626.645417
SPY,2025-07-17 15:30:00+00:00,626.6712,626.69,626.61,626.65,120207.0,1520.0,626.650314
SPY,2025-07-17 15:31:00+00:00,626.65,626.695,626.56,626.5601,86094.0,1170.0,626.618871
SPY,2025-07-17 15:32:00+00:00,626.57,626.775,626.56,626.705,147489.0,1844.0,626.70279
SPY,2025-07-17 15:33:00+00:00,626.6981,626.75,626.635,626.6953,90303.0,1238.0,626.696314
SPY,2025-07-17 15:34:00+00:00,626.68,626.72,626.595,626.63,105399.0,1474.0,626.663534
SPY,2025-07-17 15:35:00+00:00,626.63,626.68,626.58,626.65,67118.0,1142.0,626.634571
SPY,2025-07-17 15:36:00+00:00,626.66,626.85,626.66,626.82,110214.0,1608.0,626.768317
SPY,2025-07-17 15:37:00+00:00,626.81,626.9,626.81,626.8499,147846.0,1987.0,626.865146
SPY,2025-07-17 15:38:00+00:00,626.84,626.98,626.84,626.9601,98889.0,1398.0,626.942667
SPY,2025-07-17 15:39:00+00:00,626.965,626.985,626.865,626.98,455132.0,1707.0,626.923866
SPY,2025-07-17 15:40:00+00:00,626.97,627.07,626.95,627.07,143329.0,1928.0,626.997835
SPY,2025-07-17 15:41:00+00:00,627.065,627.185,627.0599,627.12,148679.0,2024.0,627.134037
SPY,2025-07-17 15:42:00+00:00,627.115,627.17,627.05,627.15,109054.0,1643.0,627.114259
SPY,2025-07-17 15:43:00+00:00,627.14,627.175,626.96,626.99,133875.0,1709.0,627.055076
SPY,2025-07-17 15:44:00+00:00,626.99,627.07,626.98,627.035,129807.0,1408.0,627.029032
SPY,2025-07-17 15:45:00+00:00,627.035,627.12,627.025,627.12,80465.0,1225.0,627.078134
SPY,2025-07-17 15:46:00+00:00,627.12,627.12,627.02,627.0593,81617.0,1292.0,627.072386
SPY,2025-07-17 15:47:00+00:00,627.06,627.11,627.0,627.03,117357.0,1519.0,627.041387
SPY,2025-07-17 15:48:00+00:00,627.02,627.03,626.88,627.02,159636.0,1844.0,626.959457
SPY,2025-07-17 15:49:00+00:00,627.01,627.03,626.95,626.95,56709.0,899.0,626.994432
SPY,2025-07-17 15:50:00+00:00,626.9497,626.99,626.855,626.96,123126.0,1565.0,626.927525
SPY,2025-07-17 15:51:00+00:00,626.98,627.1,626.98,627.09,176211.0,1800.0,627.031958
SPY,2025-07-17 15:52:00+00:00,627.09,627.105,627.04,627.07,120418.0,1397.0,627.074344
SPY,2025-07-17 15:53:00+00:00,627.07,627.16,627.055,627.11,72348.0,1191.0,627.112689
SPY,2025-07-17 15:54:00+00:00,627.1199,627.12,627.06,627.09,39231.0,819.0,627.087538
SPY,2025-07-17 15:55:00+00:00,627.09,627.18,627.055,627.17,82386.0,1266.0,627.124522
SPY,2025-07-17 15:56:00+00:00,627.15,627.17,627.09,627.15,87464.0,1215.0,627.129518
SPY,2025-07-17 15:57:00+00:00,627.15,627.26,627.15,627.25,86275.0,1271.0,627.210623
SPY,2025-07-17 15:58:00+00:00,627.26,627.27,627.16,627.23,129946.0,1708.0,627.216837
SPY,2025-07-17 15:59:00+00:00,627.23,627.24,627.195,627.2147,41073.0,826.0,627.215381
SPY,2025-07-17 16:00:00+00:00,627.21,627.22,627.105,627.15,71544.0,1202.0,627.160269
SPY,2025-07-17 16:01:00+00:00,627.16,627.205,627.135,627.15,57991.0,1005.0,627.175439
SPY,2025-07-17 16:02:00+00:00,627.15,627.29,627.15,627.29,82540.0,1101.0,627.227091
SPY,2025-07-17 16:03:00+00:00,627.28,627.34,627.26,627.3,107654.0,1447.0,627.296976
SPY,2025-07-17 16:04:00+00:00,627.3099,627.43,627.3,627.385,151630.0,1746.0,627.372691
SPY,2025-07-17 16:05:00+00:00,627.38,627.47,627.3,627.315,150581.0,1744.0,627.387231
SPY,2025-07-17 16:06:00+00:00,627.31,627.345,627.245,627.33,114616.0,1506.0,627.286272
SPY,2025-07-17 16:07:00+00:00,627.35,627.38,627.325,627.37,114962.0,1356.0,627.359412
SPY,2025-07-17 16:08:00+00:00,627.37,627.44,627.33,627.435,97488.0,1227.0,627.389476
SPY,2025-07-17 16:09:00+00:00,627.43,627.51,627.425,627.435,95380.0,1302.0,627.460131
SPY,2025-07-17 16:10:00+00:00,627.43,627.5,627.378,627.3801,101515.0,1444.0,627.454998
SPY,2025-07-17 16:11:00+00:00,627.38,627.39,627.2499,627.265,94600.0,1412.0,627.332866
SPY,2025-07-17 16:12:00+00:00,627.265,627.335,627.205,627.23,106629.0,1427.0,627.257409
SPY,2025-07-17 16:13:00+00:00,627.24,627.25,627.145,627.22,104058.0,1350.0,627.194379
SPY,2025-07-17 16:14:00+00:00,627.22,627.24,627.17,627.2115,81697.0,1079.0,627.208704
SPY,2025-07-17 16:15:00+00:00,627.22,627.225,627.11,627.142,77921.0,1077.0,627.161287
SPY,2025-07-17 16:16:00+00:00,627.15,627.2087,627.11,627.13,64451.0,1106.0,627.149224
SPY,2025-07-17 16:17:00+00:00,627.12,627.14,626.9231,626.965,205852.0,1709.0,627.055584
SPY,2025-07-17 16:18:00+00:00,626.96,627.02,626.84,626.855,113182.0,1536.0,626.949349
SPY,2025-07-17 16:19:00+00:00,626.85,626.87,626.79,626.8299,75490.0,1212.0,626.837462
SPY,2025-07-17 16:20:00+00:00,626.82,626.92,626.78,626.869,152215.0,2009.0,626.83843
SPY,2025-07-17 16:21:00+00:00,626.865,626.95,626.86,626.92,124482.0,1541.0,626.906874
SPY,2025-07-17 16:22:00+00:00,626.92,627.0,626.88,626.995,86984.0,1161.0,626.948149
SPY,2025-07-17 16:23:00+00:00,626.99,627.18,626.955,627.14,168894.0,1931.0,627.062886
SPY,2025-07-17 16:24:00+00:00,627.135,627.15,627.07,627.0931,108037.0,1477.0,627.102041
SPY,2025-07-17 16:25:00+00:00,627.09,627.1712,627.02,627.105,96635.0,1445.0,627.093267
SPY,2025-07-17 16:26:00+00:00,627.11,627.14,627.04,627.04,70680.0,1021.0,627.086456
SPY,2025-07-17 16:27:00+00:00,627.03,627.035,626.86,626.91,85887.0,1446.0,626.947286
SPY,2025-07-17 16:28:00+00:00,626.9093,626.915,626.8001,626.8152,60383.0,1017.0,626.844273
SPY,2025-07-17 16:29:00+00:00,626.82,626.9099,626.79,626.85,113997.0,1358.0,626.84005
SPY,2025-07-17 16:30:00+00:00,626.84,626.92,626.72,626.755,129629.0,1692.0,626.813698
SPY,2025-07-17 16:31:00+00:00,626.755,626.86,626.715,626.86,72405.0,1062.0,626.780154
SPY,2025-07-17 16:32:00+00:00,626.86,626.89,626.83,626.855,58726.0,967.0,626.858656
SPY,2025-07-17 16:33:00+00:00,626.85,626.92,626.85,626.87,50008.0,955.0,626.889849
SPY,2025-07-17 16:34:00+00:00,626.87,626.885,626.83,626.84,34098.0,678.0,626.86179
SPY,2025-07-17 16:35:00+00:00,626.83,626.91,626.79,626.905,45114.0,882.0,626.847257
SPY,2025-07-17 16:36:00+00:00,626.9085,626.92,626.7649,626.8,265217.0,977.0,626.817952
SPY,2025-07-17 16:37:00+00:00,626.805,626.81,626.675,626.705,104575.0,1147.0,626.766445
SPY,2025-07-17 16:38:00+00:00,626.7,626.82,626.7,626.815,72959.0,1036.0,626.766257
SPY,2025-07-17 16:39:00+00:00,626.815,626.82,626.555,626.625,117581.0,1461.0,626.640972
SPY,2025-07-17 16:40:00+00:00,626.63,626.67,626.525,626.67,121846.0,1457.0,626.59639
SPY,2025-07-17 16:41:00+00:00,626.69,626.815,626.65,626.77,71031.0,1160.0,626.735661
SPY,2025-07-17 16:42:00+00:00,626.77,626.795,626.72,626.765,75240.0,1097.0,626.758691
SPY,2025-07-17 16:43:00+00:00,626.765,626.84,626.73,626.8399,65850.0,1014.0,626.787939
SPY,2025-07-17 16:44:00+00:00,626.82,626.875,626.7849,626.79,78705.0,1191.0,626.847794
SPY,2025-07-17 16:45:00+00:00,626.79,626.8,626.69,626.75,76211.0,1277.0,626.737373
SPY,2025-07-17 16:46:00+00:00,626.75,626.775,626.6299,626.715,700719.0,1231.0,626.698496
SPY,2025-07-17 16:47:00+00:00,626.715,626.825,626.705,626.82,48483.0,901.0,626.755306
SPY,2025-07-17 16:48:00+00:00,626.825,626.835,626.7312,626.78,61686.0,1023.0,626.778634
SPY,2025-07-17 16:49:00+00:00,626.77,626.77,626.635,626.7131,85716.0,1194.0,626.686869
SPY,2025-07-17 16:50:00+00:00,626.7399,626.8699,626.73,626.85,65530.0,1058.0,626.811928
SPY,2025-07-17 16:51:00+00:00,626.84,626.87,626.76,626.82,105217.0,1393.0,626.812534
SPY,2025-07-17 16:52:00+00:00,626.825,626.8499,626.76,626.76,35403.0,670.0,626.809284
SPY,2025-07-17 16:53:00+00:00,626.775,626.865,626.69,626.7,61147.0,974.0,626.80785
SPY,2025-07-17 16:54:00+00:00,626.7,626.71,626.61,626.65,76584.0,1178.0,626.653863
SPY,2025-07-17 16:55:00+00:00,626.67,626.72,626.65,626.715,50150.0,871.0,626.693606
SPY,2025-07-17 16:56:00+00:00,626.71,626.73,626.62,626.6551,59019.0,953.0,626.66177
SPY,2025-07-17 16:57:00+00:00,626.655,626.81,626.65,626.77,72916.0,1100.0,626.755975
SPY,2025-07-17 16:58:00+00:00,626.775,626.86,626.77,626.83,66149.0,1069.0,626.823364
SPY,2025-07-17 16:59:00+00:00,626.83,626.845,626.8,626.83,34958.0,693.0,626.820682
SPY,2025-07-17 17:00:00+00:00,626.83,626.84,626.76,626.84,96924.0,1402.0,626.803846
SPY,2025-07-17 17:01:00+00:00,626.84,626.92,626.8,626.845,98258.0,1391.0,626.865679
SPY,2025-07-17 17:02:00+00:00,626.84,626.895,626.795,626.875,302817.0,838.0,626.845992
SPY,2025-07-17 17:03:00+00:00,626.86,626.925,626.79,626.915,87669.0,1192.0,626.866768
SPY,2025-07-17 17:04:00+00:00,626.93,626.975,626.88,626.895,164254.0,1841.0,626.927128
SPY,2025-07-17 17:05:00+00:00,626.8999,626.8999,626.73,626.775,109490.0,1275.0,626.795572
SPY,2025-07-17 17:06:00+00:00,626.78,626.825,626.74,626.775,69080.0,1098.0,626.79522
SPY,2025-07-17 17:07:00+00:00,626.775,626.81,626.725,626.765,75158.0,1109.0,626.760082
SPY,2025-07-17 17:08:00+00:00,626.765,626.81,626.74,626.77,70169.0,999.0,626.782456
SPY,2025-07-17 17:09:00+00:00,626.775,626.785,626.7248,626.775,53117.0,856.0,626.754125
SPY,2025-07-17 17:10:00+00:00,626.78,626.785,626.7,626.715,348311.0,1187.0,626.749249
SPY,2025-07-17 17:11:00+00:00,626.71,626.81,626.665,626.785,88457.0,1206.0,626.748581
SPY,2025-07-17 17:12:00+00:00,626.79,626.83,626.77,626.805,119739.0,1485.0,626.799496
SPY,2025-07-17 17:13:00+00:00,626.8,626.82,626.755,626.79,103202.0,1453.0,626.799617
SPY,2025-07-17 17:14:00+00:00,626.78,626.895,626.78,626.8778,75421.0,1151.0,626.853224
SPY,2025-07-17 17:15:00+00:00,626.87,626.895,626.78,626.78,61014.0,1009.0,626.841838
SPY,2025-07-17 17:16:00+00:00,626.78,626.918,626.78,626.91,52376.0,903.0,626.869249
SPY,2025-07-17 17:17:00+00:00,626.92,627.02,626.91,627.0,68674.0,1169.0,626.973838
SPY,2025-07-17 17:18:00+00:00,627.0,627.03,626.925,627.0,73133.0,1000.0,626.985863
SPY,2025-07-17 17:19:00+00:00,626.99,627.04,626.98,627.03,52899.0,789.0,627.017375
SPY,2025-07-17 17:20:00+00:00,627.02,627.03,626.94,626.99,63658.0,964.0,626.996942
SPY,2025-07-17 17:21:00+00:00,626.99,627.07,626.99,627.02,94690.0,1109.0,627.022566
SPY,2025-07-17 17:22:00+00:00,627.015,627.055,626.97,627.035,70864.0,1083.0,627.01177
SPY,2025-07-17 17:23:00+00:00,627.03,627.0849,626.95,626.97,75724.0,1192.0,627.024961
SPY,2025-07-17 17:24:00+00:00,626.9701,627.005,626.945,626.97,56363.0,871.0,626.969186
SPY,2025-07-17 17:25:00+00:00,626.98,627.06,626.97,627.05,55373.0,956.0,627.010837
SPY,2025-07-17 17:26:00+00:00,627.04,627.098,627.035,627.035,49042.0,920.0,627.067874
SPY,2025-07-17 17:27:00+00:00,627.03,627.0652,626.84,626.88,253963.0,3119.0,626.954742
SPY,2025-07-17 17:28:00+00:00,626.875,626.9848,626.67,626.98,168724.0,2047.0,626.809497
SPY,2025-07-17 17:29:00+00:00,626.98,627.04,626.97,627.025,81995.0,1058.0,627.010204
SPY,2025-07-17 17:30:00+00:00,627.03,627.1589,627.02,627.065,92250.0,1472.0,627.091044
SPY,2025-07-17 17:31:00+00:00,627.06,627.17,627.045,627.165,75281.0,1326.0,627.112653
SPY,2025-07-17 17:32:00+00:00,627.165,627.19,627.015,627.05,88579.0,1236.0,627.10895
SPY,2025-07-17 17:33:00+00:00,627.055,627.055,626.98,627.02,50212.0,942.0,627.018528
SPY,2025-07-17 17:34:00+00:00,627.03,627.13,627.0,627.1045,47683.0,919.0,627.06232
SPY,2025-07-17 17:35:00+00:00,627.09,627.17,627.055,627.07,65914.0,1157.0,627.108659
SPY,2025-07-17 17:36:00+00:00,627.08,627.19,627.045,627.16,330274.0,1188.0,627.110067
SPY,2025-07-17 17:37:00+00:00,627.155,627.21,627.135,627.16,61580.0,1068.0,627.1695
SPY,2025-07-17 17:38:00+00:00,627.15,627.265,627.14,627.2058,65979.0,1174.0,627.223676
SPY,2025-07-17 17:39:00+00:00,627.2,627.2499,627.1822,627.245,45688.0,810.0,627.208633
SPY,2025-07-17 17:40:00+00:00,627.24,627.34,627.23,627.29,100230.0,1350.0,627.286296
SPY,2025-07-17 17:41:00+00:00,627.29,627.3343,627.27,627.29,48763.0,772.0,627.305593
SPY,2025-07-17 17:42:00+00:00,627.28,627.36,627.28,627.31,65614.0,923.0,627.322655
SPY,2025-07-17 17:43:00+00:00,627.315,627.37,627.27,627.36,60767.0,993.0,627.323712
SPY,2025-07-17 17:44:00+00:00,627.365,627.3799,627.3208,627.3208,52730.0,835.0,627.355421
SPY,2025-07-17 17:45:00+00:00,627.325,627.34,627.205,627.23,100978.0,1289.0,627.271673
SPY,2025-07-17 17:46:00+00:00,627.23,627.33,627.19,627.31,84013.0,1162.0,627.268765
SPY,2025-07-17 17:47:00+00:00,627.31,627.34,627.2248,627.275,73518.0,1136.0,627.256501
SPY,2025-07-17 17:48:00+00:00,627.27,627.33,627.25,627.27,94790.0,1221.0,627.285578
SPY,2025-07-17 17:49:00+00:00,627.27,627.3199,627.225,627.305,47313.0,845.0,627.277413
SPY,2025-07-17 17:50:00+00:00,627.3,627.33,627.28,627.31,44763.0,815.0,627.303992
SPY,2025-07-17 17:51:00+00:00,627.3,627.335,627.23,627.325,68934.0,1000.0,627.286447
SPY,2025-07-17 17:52:00+00:00,627.32,627.34,627.3,627.3,40279.0,784.0,627.32374
SPY,2025-07-17 17:53:00+00:00,627.3,627.37,627.3,627.35,42785.0,729.0,627.334444
SPY,2025-07-17 17:54:00+00:00,627.345,627.3799,627.32,627.3652,41689.0,779.0,627.35168
SPY,2025-07-17 17:55:00+00:00,627.36,627.42,627.35,627.3601,59002.0,1040.0,627.392145
SPY,2025-07-17 17:56:00+00:00,627.355,627.4,627.34,627.385,171738.0,870.0,627.37037
SPY,2025-07-17 17:57:00+00:00,627.38,627.42,627.37,627.4,315314.0,955.0,627.401941
SPY,2025-07-17 17:58:00+00:00,627.39,627.43,627.38,627.4,81953.0,1071.0,627.398299
SPY,2025-07-17 17:59:00+00:00,627.4086,627.46,627.4,627.4301,55302.0,937.0,627.425629
SPY,2025-07-17 18:00:00+00:00,627.44,627.5,627.34,627.48,240573.0,2582.0,627.419528
SPY,2025-07-17 18:01:00+00:00,627.475,627.5,627.39,627.5,76876.0,1130.0,627.456073
SPY,2025-07-17 18:02:00+00:00,627.49,627.49,627.39,627.3967,761372.0,1151.0,627.442896
SPY,2025-07-17 18:03:00+00:00,627.395,627.445,627.385,627.43,74948.0,1046.0,627.416689
SPY,2025-07-17 18:04:00+00:00,627.43,627.4765,627.41,627.44,51358.0,965.0,627.444114
SPY,2025-07-17 18:05:00+00:00,627.44,627.45,627.35,627.395,118897.0,1491.0,627.39797
SPY,2025-07-17 18:06:00+00:00,627.4,627.41,627.32,627.3745,135787.0,1554.0,627.360968
SPY,2025-07-17 18:07:00+00:00,627.38,627.38,627.28,627.33,63968.0,951.0,627.320434
SPY,2025-07-17 18:08:00+00:00,627.32,627.435,627.32,627.42,50447.0,927.0,627.394897
SPY,2025-07-17 18:09:00+00:00,627.43,627.45,627.3699,627.37,78332.0,1115.0,627.396567
SPY,2025-07-17 18:10:00+00:00,627.375,627.42,627.36,627.365,81492.0,1190.0,627.388969
SPY,2025-07-17 18:11:00+00:00,627.37,627.37,627.235,627.26,112014.0,1271.0,627.28944
SPY,2025-07-17 18:12:00+00:00,627.255,627.31,627.205,627.255,96106.0,1290.0,627.248344
SPY,2025-07-17 18:13:00+00:00,627.26,627.325,627.17,627.21,167894.0,2017.0,627.268167
SPY,2025-07-17 18:14:00+00:00,627.215,627.215,627.14,627.16,73532.0,1087.0,627.164185
SPY,2025-07-17 18:15:00+00:00,627.155,627.23,627.14,627.22,507733.0,986.0,627.166118
SPY,2025-07-17 18:16:00+00:00,627.225,627.385,627.2067,627.385,76201.0,1020.0,627.310422
SPY,2025-07-17 18:17:00+00:00,627.38,627.385,627.2901,627.31,62103.0,970.0,627.340325
SPY,2025-07-17 18:18:00+00:00,627.31,627.33,627.22,627.295,64111.0,957.0,627.256117
SPY,2025-07-17 18:19:00+00:00,627.29,627.51,627.28,627.48,135161.0,1628.0,627.417779
SPY,2025-07-17 18:20:00+00:00,627.481,627.52,627.46,627.505,103147.0,1317.0,627.496453
SPY,2025-07-17 18:21:00+00:00,627.5,627.5,627.435,627.49,93373.0,1238.0,627.461662
SPY,2025-07-17 18:22:00+00:00,627.49,627.55,627.4819,627.525,78431.0,1004.0,627.522358
SPY,2025-07-17 18:23:00+00:00,627.525,627.59,627.52,627.5501,58186.0,984.0,627.548782
SPY,2025-07-17 18:24:00+00:00,627.545,627.79,627.54,627.7787,166387.0,2073.0,627.697845
SPY,2025-07-17 18:25:00+00:00,627.775,627.82,627.67,627.73,120866.0,1421.0,627.750698
SPY,2025-07-17 18:26:00+00:00,627.74,627.77,627.695,627.765,283379.0,2400.0,627.731906
SPY,2025-07-17 18:27:00+00:00,627.77,627.8,627.74,627.79,71620.0,1108.0,627.770811
SPY,2025-07-17 18:28:00+00:00,627.79,627.83,627.74,627.8299,70388.0,1082.0,627.796049
SPY,2025-07-17 18:29:00+00:00,627.82,627.88,627.815,627.8322,150687.0,1485.0,627.851355
SPY,2025-07-17 18:30:00+00:00,627.84,627.91,627.83,627.8935,120974.0,1426.0,627.865882
SPY,2025-07-17 18:31:00+00:00,627.89,627.91,627.675,627.75,227419.0,2259.0,627.772364
SPY,2025-07-17 18:32:00+00:00,627.75,627.85,627.75,627.8111,92863.0,1239.0,627.795213
SPY,2025-07-17 18:33:00+00:00,627.81,627.85,627.76,627.77,129494.0,890.0,627.808608
SPY,2025-07-17 18:34:00+00:00,627.79,627.825,627.78,627.785,55157.0,799.0,627.800399
SPY,2025-07-17 18:35:00+00:00,627.78,627.81,627.67,627.68,144359.0,1406.0,627.731691
SPY,2025-07-17 18:36:00+00:00,627.68,627.715,627.645,627.67,162980.0,1486.0,627.676518
SPY,2025-07-17 18:37:00+00:00,627.67,627.775,627.67,627.765,82945.0,1161.0,627.722388
SPY,2025-07-17 18:38:00+00:00,627.775,627.8401,627.7514,627.84,80068.0,1059.0,627.795777
SPY,2025-07-17 18:39:00+00:00,627.8283,627.84,627.795,627.82,41442.0,724.0,627.819776
SPY,2025-07-17 18:40:00+00:00,627.83,627.85,627.795,627.805,73352.0,1085.0,627.823271
SPY,2025-07-17 18:41:00+00:00,627.8,627.825,627.76,627.82,94459.0,1144.0,627.787161
SPY,2025-07-17 18:42:00+00:00,627.82,627.86,627.78,627.845,59986.0,901.0,627.816837
SPY,2025-07-17 18:43:00+00:00,627.845,627.86,627.81,627.83,59495.0,900.0,627.840118
SPY,2025-07-17 18:44:00+00:00,627.82,627.845,627.81,627.83,36020.0,734.0,627.831162
SPY,2025-07-17 18:45:00+00:00,627.83,627.8598,627.77,627.77,65850.0,1024.0,627.80621
SPY,2025-07-17 18:46:00+00:00,627.77,627.86,627.77,627.85,155206.0,680.0,627.83134
SPY,2025-07-17 18:47:00+00:00,627.85,627.93,627.84,627.93,80574.0,1094.0,627.88055
SPY,2025-07-17 18:48:00+00:00,627.93,627.96,627.91,627.955,114700.0,1550.0,627.937662
SPY,2025-07-17 18:49:00+00:00,627.95,627.99,627.92,627.99,185900.0,926.0,627.960546
SPY,2025-07-17 18:50:00+00:00,627.99,628.14,627.99,628.055,182951.0,2510.0,628.054098
SPY,2025-07-17 18:51:00+00:00,628.06,628.07,627.94,627.9715,142145.0,1291.0,628.006864
SPY,2025-07-17 18:52:00+00:00,627.97,628.011,627.87,627.9,173629.0,1945.0,627.910944
SPY,2025-07-17 18:53:00+00:00,627.9149,627.96,627.9,627.95,87964.0,1099.0,627.928519
SPY,2025-07-17 18:54:00+00:00,627.9501,627.98,627.94,627.95,67180.0,968.0,627.96091
SPY,2025-07-17 18:55:00+00:00,627.95,628.03,627.93,627.965,96284.0,1430.0,627.97721
SPY,2025-07-17 18:56:00+00:00,627.98,628.035,627.955,628.02,51850.0,988.0,627.993258
SPY,2025-07-17 18:57:00+00:00,628.01,628.02,627.975,627.98,65410.0,1011.0,627.992975
SPY,2025-07-17 18:58:00+00:00,627.98,628.0,627.93,627.98,89289.0,1241.0,627.96873
SPY,2025-07-17 18:59:00+00:00,627.98,628.0,627.93,627.965,66294.0,1038.0,627.95858
SPY,2025-07-17 19:00:00+00:00,627.97,628.07,627.945,628.015,94781.0,1365.0,627.999767
SPY,2025-07-17 19:01:00+00:00,628.01,628.155,628.005,628.14,113251.0,1444.0,628.109526
SPY,2025-07-17 19:02:00+00:00,628.15,628.27,628.13,628.235,108600.0,1534.0,628.205647
SPY,2025-07-17 19:03:00+00:00,628.235,628.4048,628.22,628.35,197323.0,2262.0,628.333606
SPY,2025-07-17 19:04:00+00:00,628.35,628.36,628.26,628.28,131248.0,1556.0,628.320016
SPY,2025-07-17 19:05:00+00:00,628.29,628.305,628.185,628.2201,146819.0,1684.0,628.253149
SPY,2025-07-17 19:06:00+00:00,628.21,628.25,628.19,628.24,92663.0,1287.0,628.221515
SPY,2025-07-17 19:07:00+00:00,628.2452,628.27,628.17,628.21,108269.0,1381.0,628.21609
SPY,2025-07-17 19:08:00+00:00,628.22,628.2252,628.17,628.215,83557.0,1235.0,628.201391
SPY,2025-07-17 19:09:00+00:00,628.215,628.28,628.18,628.24,159351.0,1916.0,628.246017
SPY,2025-07-17 19:10:00+00:00,628.23,628.24,628.15,628.165,89366.0,1300.0,628.192826
SPY,2025-07-17 19:11:00+00:00,628.16,628.24,628.1425,628.24,104765.0,1316.0,628.186258
SPY,2025-07-17 19:12:00+00:00,628.23,628.27,628.215,628.25,72934.0,1214.0,628.24234
SPY,2025-07-17 19:13:00+00:00,628.24,628.28,628.23,628.2717,99702.0,1210.0,628.255608
SPY,2025-07-17 19:14:00+00:00,628.28,628.28,628.18,628.25,138543.0,1766.0,628.239566
SPY,2025-07-17 19:15:00+00:00,628.24,628.32,628.22,628.2494,188829.0,2077.0,628.289554
SPY,2025-07-17 19:16:00+00:00,628.23,628.31,628.2,628.2601,137587.0,1543.0,628.248178
SPY,2025-07-17 19:17:00+00:00,628.26,628.28,628.14,628.1412,132941.0,1474.0,628.217003
SPY,2025-07-17 19:18:00+00:00,628.14,628.1881,628.09,628.09,154426.0,1498.0,628.145297
SPY,2025-07-17 19:19:00+00:00,628.09,628.12,628.065,628.08,396026.0,1640.0,628.083333
SPY,2025-07-17 19:20:00+00:00,628.07,628.1,628.04,628.08,131470.0,1365.0,628.072286
SPY,2025-07-17 19:21:00+00:00,628.07,628.1,628.0149,628.08,166837.0,1715.0,628.074053
SPY,2025-07-17 19:22:00+00:00,628.08,628.14,628.0193,628.11,153308.0,1529.0,628.066394
SPY,2025-07-17 19:23:00+00:00,628.11,628.12,628.02,628.025,126021.0,1509.0,628.066706
SPY,2025-07-17 19:24:00+00:00,628.02,628.13,628.01,628.09,165271.0,1667.0,628.093503
SPY,2025-07-17 19:25:00+00:00,628.09,628.095,627.99,628.02,92413.0,1311.0,628.056777
SPY,2025-07-17 19:26:00+00:00,628.02,628.04,627.965,627.965,148336.0,1728.0,627.997221
SPY,2025-07-17 19:27:00+00:00,627.965,628.04,627.95,628.02,156127.0,1569.0,628.004667
SPY,2025-07-17 19:28:00+00:00,628.01,628.04,627.99,628.02,145296.0,1513.0,628.013232
SPY,2025-07-17 19:29:00+00:00,628.02,628.02,627.95,627.98,105695.0,1274.0,627.979589
SPY,2025-07-17 19:30:00+00:00,627.97,628.13,627.96,628.04,453231.0,2301.0,628.054364
SPY,2025-07-17 19:31:00+00:00,628.05,628.25,628.045,628.25,196526.0,2130.0,628.160575
SPY,2025-07-17 19:32:00+00:00,628.24,628.27,628.13,628.24,179084.0,1942.0,628.197448
SPY,2025-07-17 19:33:00+00:00,628.25,628.26,628.16,628.17,127293.0,1557.0,628.194314
SPY,2025-07-17 19:34:00+00:00,628.18,628.18,628.0401,628.11,255320.0,1641.0,628.106852
SPY,2025-07-17 19:35:00+00:00,628.11,628.21,628.09,628.2,156727.0,1735.0,628.147128
SPY,2025-07-17 19:36:00+00:00,628.2,628.2076,628.145,628.15,114549.0,1386.0,628.174546
SPY,2025-07-17 19:37:00+00:00,628.15,628.16,628.1,628.12,146107.0,1702.0,628.135176
SPY,2025-07-17 19:38:00+00:00,628.125,628.19,628.08,628.19,132608.0,1614.0,628.131016
SPY,2025-07-17 19:39:00+00:00,628.18,628.19,628.13,628.155,128719.0,1447.0,628.159517
SPY,2025-07-17 19:40:00+00:00,628.15,628.16,628.05,628.06,359196.0,2208.0,628.114095
SPY,2025-07-17 19:41:00+00:00,628.06,628.07,627.9599,628.04,261800.0,2741.0,628.018105
SPY,2025-07-17 19:42:00+00:00,628.04,628.0401,627.9,627.97,384971.0,2487.0,627.971969
SPY,2025-07-17 19:43:00+00:00,627.975,627.98,627.875,627.89,268374.0,2624.0,627.912052
SPY,2025-07-17 19:44:00+00:00,627.89,627.94,627.8549,627.9,196682.0,2174.0,627.895575
SPY,2025-07-17 19:45:00+00:00,627.9,627.92,627.78,627.83,355474.0,3309.0,627.835217
SPY,2025-07-17 19:46:00+00:00,627.83,628.04,627.78,627.99,310325.0,3363.0,627.919548
SPY,2025-07-17 19:47:00+00:00,627.995,628.2191,627.97,628.205,264405.0,3043.0,628.089931
SPY,2025-07-17 19:48:00+00:00,628.21,628.275,628.155,628.2,236738.0,2856.0,628.222036
SPY,2025-07-17 19:49:00+00:00,628.2,628.23,628.125,628.2181,206710.0,2351.0,628.171439
SPY,2025-07-17 19:50:00+00:00,628.21,628.22,627.66,627.78,619123.0,6691.0,627.871008
SPY,2025-07-17 19:51:00+00:00,627.77,627.94,627.68,627.92,803352.0,7103.0,627.764609
SPY,2025-07-17 19:52:00+00:00,627.91,628.15,627.905,628.08,534351.0,5259.0,628.059632
SPY,2025-07-17 19:53:00+00:00,628.085,628.24,627.97,628.145,467197.0,4583.0,628.119059
SPY,2025-07-17 19:54:00+00:00,628.14,628.32,627.9,628.015,575187.0,5496.0,628.135192
SPY,2025-07-17 19:55:00+00:00,628.03,628.08,627.67,628.02,940995.0,7523.0,627.926745
SPY,2025-07-17 19:56:00+00:00,628.02,628.02,627.78,627.98,492207.0,4780.0,627.872029
SPY,2025-07-17 19:57:00+00:00,627.97,628.075,627.87,628.04,689537.0,5882.0,627.977716
SPY,2025-07-17 19:58:00+00:00,628.04,628.29,627.82,628.19,1667305.0,9181.0,628.099117
SPY,2025-07-17 19:59:00+00:00,628.19,628.2,627.65,627.98,3098787.0,14433.0,627.871319
SPY,2025-07-17 20:00:00+00:00,627.98,628.13,627.72,627.76,1766492.0,1351.0,628.00465
SPY,2025-07-17 20:01:00+00:00,627.78,628.03,627.76,627.8,101922.0,515.0,627.865854
SPY,2025-07-17 20:02:00+00:00,627.84,627.9,627.72,627.72,137833.0,619.0,627.786126
SPY,2025-07-17 20:03:00+00:00,627.72,627.84,627.66,627.7899,73201.0,337.0,627.722304
SPY,2025-07-17 20:04:00+00:00,627.78,627.81,627.7,627.7,41635.0,301.0,627.746508
SPY,2025-07-17 20:05:00+00:00,627.72,627.8,627.69,627.79,39100.0,356.0,627.729062
SPY,2025-07-17 20:06:00+00:00,627.76,627.92,627.6263,627.9,178057.0,259.0,627.648755
SPY,2025-07-17 20:07:00+00:00,627.86,627.91,627.83,627.86,15080.0,205.0,627.880184
SPY,2025-07-17 20:08:00+00:00,627.85,627.96,627.8,627.94,43639.0,407.0,627.878433
SPY,2025-07-17 20:09:00+00:00,627.92,627.98,627.6144,627.91,767996.0,407.0,627.817598
SPY,2025-07-17 20:10:00+00:00,627.94,627.96,627.88,627.92,12252.0,173.0,627.913712
SPY,2025-07-17 20:11:00+00:00,627.925,627.95,627.86,627.89,40934.0,377.0,627.900405
SPY,2025-07-17 20:12:00+00:00,627.89,627.95,627.89,627.9,3494832.0,503.0,627.907188
SPY,2025-07-17 20:13:00+00:00,627.92,628.02,627.92,628.02,28295.0,309.0,627.964914
SPY,2025-07-17 20:14:00+00:00,628.03,628.03,627.86,627.86,39877.0,436.0,627.940337
SPY,2025-07-17 20:15:00+00:00,627.82,627.91,627.81,627.9,15045.0,148.0,627.862391
SPY,2025-07-17 20:16:00+00:00,627.93,628.0,627.93,627.95,12957.0,118.0,627.973911
SPY,2025-07-17 20:17:00+00:00,627.96,627.97,627.94,627.94,5145.0,48.0,627.963639
SPY,2025-07-17 20:18:00+00:00,627.9701,627.9701,627.9501,627.96,18992.0,163.0,627.962588
SPY,2025-07-17 20:19:00+00:00,627.98,627.99,627.96,627.9604,135014.0,89.0,627.986205
SPY,2025-07-17 20:20:00+00:00,627.989,627.99,627.939,627.9407,1220.0,26.0,627.957576
SPY,2025-07-17 20:21:00+00:00,627.97,628.0,627.97,627.97,11548.0,79.0,627.979419
SPY,2025-07-17 20:22:00+00:00,627.97,628.04,627.96,628.0,14673.0,108.0,627.975776
SPY,2025-07-17 20:23:00+00:00,627.99,628.0195,627.95,628.0,7120.0,82.0,627.962296
SPY,2025-07-17 20:24:00+00:00,627.99,628.0,627.98,628.0,3975.0,45.0,627.99588
SPY,2025-07-17 20:25:00+00:00,627.99,628.09,627.99,628.08,12045.0,102.0,628.054025
SPY,2025-07-17 20:26:00+00:00,628.11,628.11,628.09,628.0901,2894.0,79.0,628.098969
SPY,2025-07-17 20:27:00+00:00,628.12,628.23,628.12,628.23,8268.0,111.0,628.168712
SPY,2025-07-17 20:28:00+00:00,628.24,628.24,628.14,628.14,8297.0,82.0,628.21058
SPY,2025-07-17 20:29:00+00:00,628.16,628.16,628.13,628.15,7885.0,75.0,628.142782
SPY,2025-07-17 20:30:00+00:00,628.14,628.22,628.13,628.18,6949.0,59.0,628.180867
SPY,2025-07-17 20:31:00+00:00,628.18,628.22,628.18,628.21,6007.0,58.0,628.197242
SPY,2025-07-17 20:32:00+00:00,628.18,628.18,628.13,628.1301,3337.0,56.0,628.138042
SPY,2025-07-17 20:33:00+00:00,628.14,628.17,628.14,628.17,4179.0,53.0,628.149872
SPY,2025-07-17 20:34:00+00:00,628.14,628.21,628.1398,628.19,3240.0,48.0,628.175036
SPY,2025-07-17 20:35:00+00:00,628.17,628.19,628.1,628.19,52025.0,206.0,628.120312
SPY,2025-07-17 20:36:00+00:00,628.17,628.24,628.17,628.23,5769.0,66.0,628.205828
SPY,2025-07-17 20:37:00+00:00,628.25,628.28,628.25,628.2604,1743.0,54.0,628.271854
SPY,2025-07-17 20:38:00+00:00,628.28,628.32,628.24,628.24,10749.0,122.0,628.270235
SPY,2025-07-17 20:39:00+00:00,628.21,628.23,628.21,628.22,1694.0,28.0,628.214342
SPY,2025-07-17 20:40:00+00:00,628.21,628.23,628.21,628.22,3596.0,58.0,628.216122
SPY,2025-07-17 20:41:00+00:00,628.24,628.24,628.23,628.23,3414.0,33.0,628.23087
SPY,2025-07-17 20:42:00+00:00,628.21,628.21,628.1,628.1,6929.0,71.0,628.15109
SPY,2025-07-17 20:43:00+00:00,628.13,628.13,628.0802,628.1,15691.0,121.0,628.108607
SPY,2025-07-17 20:44:00+00:00,628.09,628.13,628.07,628.1,6723.0,77.0,628.108201
SPY,2025-07-17 20:45:00+00:00,628.08,628.14,628.08,628.14,3365.0,41.0,628.123611
SPY,2025-07-17 20:46:00+00:00,628.11,628.11,628.1,628.1,957.0,35.0,628.107009
SPY,2025-07-17 20:47:00+00:00,628.11,628.11,628.08,628.09,1893.0,29.0,628.094365
SPY,2025-07-17 20:48:00+00:00,628.1,628.11,628.08,628.08,1362.0,23.0,628.093333
SPY,2025-07-17 20:49:00+00:00,628.08,628.09,628.07,628.09,3472.0,49.0,628.081272
SPY,2025-07-17 20:50:00+00:00,628.12,628.14,628.05,628.05,1390.0,29.0,628.118886
SPY,2025-07-17 20:51:00+00:00,628.06,628.06,628.0599,628.0599,932.0,31.0,628.05998
SPY,2025-07-17 20:52:00+00:00,628.03,628.07,628.03,628.04,8360.0,62.0,628.041622
SPY,2025-07-17 20:53:00+00:00,628.0684,628.07,628.04,628.07,1515.0,14.0,628.064889
SPY,2025-07-17 20:54:00+00:00,628.09,628.1,628.09,628.1,491.0,18.0,628.096063
SPY,2025-07-17 20:55:00+00:00,628.05,628.05,628.03,628.03,1466.0,21.0,628.039036
SPY,2025-07-17 20:56:00+00:00,628.03,628.03,628.03,628.03,182.0,14.0,628.03
SPY,2025-07-17 20:57:00+00:00,628.04,628.0494,628.03,628.03,3128.0,32.0,628.034011
SPY,2025-07-17 20:58:00+00:00,628.05,628.05,628.0,628.0,2339.0,62.0,628.027087
SPY,2025-07-17 20:59:00+00:00,627.969,628.0,627.969,628.0,1029.0,24.0,627.989667
SPY,2025-07-17 21:00:00+00:00,628.01,628.02,628.01,628.02,810.0,20.0,628.013711
SPY,2025-07-17 21:01:00+00:00,628.01,628.01,627.94,628.01,1298.0,19.0,627.96463
SPY,2025-07-17 21:02:00+00:00,627.94,627.94,627.92,627.92,78328.0,23.0,627.929043
SPY,2025-07-17 21:03:00+00:00,627.99,627.99,627.99,627.99,364.0,13.0,627.99
SPY,2025-07-17 21:04:00+00:00,627.99,628.0,627.94,627.94,1631.0,26.0,627.978242
SPY,2025-07-17 21:05:00+00:00,628.0,628.0,627.93,627.93,1054.0,17.0,627.971176
SPY,2025-07-17 21:06:00+00:00,627.93,627.95,627.92,627.94,4143.0,39.0,627.93514
SPY,2025-07-17 21:07:00+00:00,627.97,627.97,627.97,627.97,398.0,30.0,627.97
SPY,2025-07-17 21:09:00+00:00,627.99,628.0,627.99,628.0,1118.0,27.0,627.996289
SPY,2025-07-17 21:10:00+00:00,628.01,628.01,628.01,628.01,191.0,19.0,628.01
SPY,2025-07-17 21:13:00+00:00,627.9802,628.029,627.9802,628.029,455.0,12.0,628.014442
SPY,2025-07-17 21:14:00+00:00,628.02,628.02,627.98,627.98,1781.0,26.0,628.005777
SPY,2025-07-17 21:15:00+00:00,628.0,628.02,627.98,628.02,3229.0,35.0,628.003725
SPY,2025-07-17 21:16:00+00:00,628.03,628.03,628.03,628.03,1689.0,23.0,628.03
SPY,2025-07-17 21:17:00+00:00,628.02,628.02,628.02,628.02,168.0,16.0,628.02
SPY,2025-07-17 21:18:00+00:00,628.02,628.02,627.98,627.98,6447.0,27.0,628.016442
SPY,2025-07-17 21:19:00+00:00,627.97,627.97,627.95,627.95,9635.0,33.0,627.95135
SPY,2025-07-17 21:22:00+00:00,627.98,628.03,627.98,628.03,342.0,22.0,628.007311
SPY,2025-07-17 21:23:00+00:00,628.0,628.0,627.97,627.97,1842.0,23.0,627.97406
SPY,2025-07-17 21:24:00+00:00,627.96,627.96,627.96,627.96,136.0,22.0,627.96
SPY,2025-07-17 21:26:00+00:00,627.94,627.95,627.94,627.95,395.0,23.0,627.945455
SPY,2025-07-17 21:28:00+00:00,627.96,627.96,627.96,627.96,550.0,24.0,627.96
SPY,2025-07-17 21:29:00+00:00,627.95,627.96,627.94,627.96,1012.0,39.0,627.949706
SPY,2025-07-17 21:30:00+00:00,627.96,627.96,627.96,627.96,419.0,25.0,627.96
SPY,2025-07-17 21:32:00+00:00,627.96,627.96,627.96,627.96,258.0,17.0,627.96
SPY,2025-07-17 21:33:00+00:00,627.97,627.97,627.95,627.96,755.0,22.0,627.962885
SPY,2025-07-17 21:34:00+00:00,627.96,627.97,627.96,627.97,400.0,16.0,627.963399
SPY,2025-07-17 21:35:00+00:00,627.98,627.98,627.96,627.96,920.0,21.0,627.972924
SPY,2025-07-17 21:41:00+00:00,627.96,627.96,627.96,627.96,348.0,17.0,627.96
SPY,2025-07-17 21:43:00+00:00,627.96,627.96,627.96,627.96,325.0,14.0,627.96
SPY,2025-07-17 21:45:00+00:00,627.96,628.01,627.96,628.0,3360.0,43.0,627.996392
SPY,2025-07-17 21:46:00+00:00,628.01,628.01,628.0,628.0,1014.0,18.0,628.002066
SPY,2025-07-17 21:47:00+00:00,628.01,628.01,628.01,628.01,255.0,10.0,628.01
SPY,2025-07-17 21:49:00+00:00,628.0301,628.0301,628.01,628.02,1583.0,28.0,628.018451
SPY,2025-07-17 21:51:00+00:00,627.96,627.96,627.96,627.96,297.0,22.0,627.96
SPY,2025-07-17 21:52:00+00:00,627.9412,627.9412,627.93,627.94,1677.0,23.0,627.93933
SPY,2025-07-17 21:53:00+00:00,627.93,627.93,627.8,627.8,6504.0,69.0,627.873964
SPY,2025-07-17 21:55:00+00:00,627.9561,627.9561,627.88,627.95,711.0,19.0,627.926743
SPY,2025-07-17 21:56:00+00:00,627.95,627.96,627.88,627.88,927.0,23.0,627.936096
SPY,2025-07-17 21:57:00+00:00,627.98,628.0,627.98,628.0,392.0,19.0,627.986667
SPY,2025-07-17 21:59:00+00:00,628.0,628.05,628.0,628.05,2617.0,36.0,628.006763
SPY,2025-07-17 22:00:00+00:00,628.05,628.05,627.77,627.85,22513.0,116.0,627.848324
SPY,2025-07-17 22:01:00+00:00,627.95,627.95,627.8,627.8,2424.0,44.0,627.901429
SPY,2025-07-17 22:02:00+00:00,627.82,627.9,627.82,627.87,2913.0,36.0,627.863185
SPY,2025-07-17 22:04:00+00:00,627.94,627.95,627.8312,627.88,2874.0,36.0,627.905776
SPY,2025-07-17 22:07:00+00:00,627.939,627.939,627.939,627.939,114.0,12.0,627.939
SPY,2025-07-17 22:10:00+00:00,627.99,627.99,627.99,627.99,536.0,17.0,627.99
SPY,2025-07-17 22:12:00+00:00,628.1,628.13,628.08,628.12,1596.0,31.0,628.109373
SPY,2025-07-17 22:13:00+00:00,628.149,628.149,628.08,628.11,1087.0,16.0,628.120209
SPY,2025-07-17 22:14:00+00:00,628.1,628.12,628.1,628.12,709.0,19.0,628.103333
SPY,2025-07-17 22:15:00+00:00,628.07,628.07,628.07,628.07,213.0,13.0,628.07
SPY,2025-07-17 22:16:00+00:00,628.06,628.06,628.06,628.06,387.0,32.0,628.06
SPY,2025-07-17 22:20:00+00:00,628.09,628.09,628.09,628.09,108.0,9.0,628.09
SPY,2025-07-17 22:21:00+00:00,628.19,628.19,628.19,628.19,459.0,24.0,628.19
SPY,2025-07-17 22:22:00+00:00,628.15,628.15,628.08,628.08,418.0,17.0,628.115
SPY,2025-07-17 22:24:00+00:00,628.1099,628.1099,628.1,628.1,1767.0,19.0,628.100971
SPY,2025-07-17 22:25:00+00:00,628.07,628.07,628.07,628.07,178.0,13.0,628.07
SPY,2025-07-17 22:28:00+00:00,628.18,628.18,628.18,628.18,335.0,17.0,628.18
SPY,2025-07-17 22:29:00+00:00,628.14,628.14,628.14,628.14,578.0,12.0,628.14
SPY,2025-07-17 22:30:00+00:00,628.14,628.14,628.0001,628.0001,1055.0,29.0,628.099713
SPY,2025-07-17 22:32:00+00:00,628.0,628.0,628.0,628.0,179.0,9.0,628.0
SPY,2025-07-17 22:34:00+00:00,628.05,628.05,628.05,628.05,239.0,12.0,628.05
SPY,2025-07-17 22:36:00+00:00,628.07,628.08,628.0,628.01,5067.0,33.0,628.039964
SPY,2025-07-17 22:38:00+00:00,627.97,627.97,627.97,627.97,1125.0,17.0,627.97
SPY,2025-07-17 22:39:00+00:00,627.9701,627.9701,627.9701,627.9701,353.0,12.0,627.9701
SPY,2025-07-17 22:48:00+00:00,628.0383,628.05,628.0383,628.05,304.0,19.0,628.04415
SPY,2025-07-17 22:49:00+00:00,628.0,628.0,628.0,628.0,379.0,9.0,628.0
SPY,2025-07-17 22:51:00+00:00,627.99,628.0,627.99,627.9998,1132.0,14.0,627.99598
SPY,2025-07-17 22:53:00+00:00,628.0,628.08,627.99,627.99,4333.0,22.0,628.001861
SPY,2025-07-17 22:54:00+00:00,628.02,628.02,628.02,628.02,726.0,14.0,628.02
SPY,2025-07-17 23:00:00+00:00,628.19,628.19,628.19,628.19,549.0,26.0,628.19
SPY,2025-07-17 23:01:00+00:00,628.17,628.17,628.17,628.17,233.0,9.0,628.17
SPY,2025-07-17 23:04:00+00:00,628.1,628.1,628.07,628.07,423.0,18.0,628.08
SPY,2025-07-17 23:05:00+00:00,628.0902,628.0902,628.0902,628.0902,355.0,21.0,628.0902
SPY,2025-07-17 23:06:00+00:00,628.16,628.19,628.16,628.18,823.0,27.0,628.173633
SPY,2025-07-17 23:07:00+00:00,628.28,628.2995,628.28,628.2995,762.0,19.0,628.282786
SPY,2025-07-17 23:08:00+00:00,628.2892,628.3,628.2892,628.3,648.0,20.0,628.296314
SPY,2025-07-17 23:09:00+00:00,628.26,628.26,628.26,628.26,164.0,10.0,628.26
SPY,2025-07-17 23:10:00+00:00,628.26,628.26,628.26,628.26,147.0,11.0,628.26
SPY,2025-07-17 23:12:00+00:00,628.39,628.48,628.39,628.46,1223.0,56.0,628.461429
SPY,2025-07-17 23:13:00+00:00,628.48,628.5,628.48,628.5,1252.0,25.0,628.485745
SPY,2025-07-17 23:14:00+00:00,628.5,628.53,628.5,628.53,4931.0,28.0,628.525
SPY,2025-07-17 23:15:00+00:00,628.5196,628.53,628.5196,628.53,474.0,23.0,628.526941
SPY,2025-07-17 23:16:00+00:00,628.6,628.66,628.6,628.66,1677.0,37.0,628.646154
SPY,2025-07-17 23:17:00+00:00,628.56,628.56,628.52,628.56,3317.0,28.0,628.543235
SPY,2025-07-17 23:18:00+00:00,628.49,628.49,628.48,628.48,371.0,15.0,628.486667
SPY,2025-07-17 23:20:00+00:00,628.45,628.46,628.34,628.34,802.0,30.0,628.426667
SPY,2025-07-17 23:21:00+00:00,628.28,628.28,628.26,628.26,1831.0,19.0,628.261538
SPY,2025-07-17 23:22:00+00:00,628.28,628.28,628.27,628.27,2306.0,13.0,628.279524
SPY,2025-07-17 23:24:00+00:00,628.35,628.35,628.35,628.35,137.0,9.0,628.35
SPY,2025-07-17 23:25:00+00:00,628.38,628.38,628.3799,628.3799,496.0,18.0,628.37995
SPY,2025-07-17 23:28:00+00:00,628.33,628.33,628.33,628.33,181.0,9.0,628.33
SPY,2025-07-17 23:29:00+00:00,628.36,628.36,628.35,628.35,1512.0,12.0,628.356667
SPY,2025-07-17 23:30:00+00:00,628.26,628.34,628.25,628.34,413.0,24.0,628.288171
SPY,2025-07-17 23:33:00+00:00,628.38,628.38,628.38,628.38,267.0,13.0,628.38
SPY,2025-07-17 23:34:00+00:00,628.3514,628.3514,628.3307,628.3307,672.0,14.0,628.338662
SPY,2025-07-17 23:36:00+00:00,628.4,628.4,628.4,628.4,422.0,7.0,628.4
SPY,2025-07-17 23:38:00+00:00,628.4,628.4,628.4,628.4,523.0,13.0,628.4
SPY,2025-07-17 23:41:00+00:00,628.45,628.48,628.44,628.44,724.0,23.0,628.46545
SPY,2025-07-17 23:43:00+00:00,628.43,628.43,628.43,628.43,337.0,12.0,628.43
SPY,2025-07-17 23:44:00+00:00,628.43,628.43,628.43,628.43,533.0,14.0,628.43
SPY,2025-07-17 23:45:00+00:00,628.45,628.45,628.45,628.45,335.0,9.0,628.45
SPY,2025-07-17 23:46:00+00:00,628.45,628.48,628.45,628.4799,506.0,14.0,628.468719
SPY,2025-07-17 23:47:00+00:00,628.48,628.48,628.48,628.48,630.0,23.0,628.48
SPY,2025-07-17 23:48:00+00:00,628.5,628.5,628.5,628.5,936.0,21.0,628.5
SPY,2025-07-17 23:49:00+00:00,628.5501,628.6,628.5501,628.58,1899.0,25.0,628.564303
SPY,2025-07-17 23:50:00+00:00,628.6,628.6,628.59,628.59,716.0,18.0,628.596814
SPY,2025-07-17 23:51:00+00:00,628.59,628.65,628.59,628.64,1336.0,36.0,628.607474
SPY,2025-07-17 23:52:00+00:00,628.6206,628.65,628.6206,628.65,1668.0,18.0,628.637453
SPY,2025-07-17 23:53:00+00:00,628.68,628.8502,628.68,628.81,1785.0,66.0,628.755569
SPY,2025-07-17 23:54:00+00:00,628.75,628.76,628.6999,628.6999,1108.0,33.0,628.738878
SPY,2025-07-17 23:55:00+00:00,628.68,628.68,628.66,628.66,444.0,24.0,628.672539
SPY,2025-07-17 23:56:00+00:00,628.6699,628.6699,628.62,628.63,590.0,18.0,628.637475
SPY,2025-07-17 23:57:00+00:00,628.65,628.67,628.62,628.65,1463.0,27.0,628.652855
SPY,2025-07-17 23:58:00+00:00,628.71,628.78,628.71,628.74,7161.0,35.0,628.74076
SPY,2025-07-17 23:59:00+00:00,628.7601,628.7614,628.71,628.71,2876.0,30.0,628.755408
SPY,2025-07-18 08:00:00+00:00,628.74,628.85,628.68,628.85,2304.0,59.0,628.753835
SPY,2025-07-18 08:01:00+00:00,628.9,629.1,628.9,628.96,13105.0,120.0,628.958942
SPY,2025-07-18 08:02:00+00:00,628.88,628.93,628.86,628.86,870.0,30.0,628.880882
SPY,2025-07-18 08:03:00+00:00,628.89,628.91,628.87,628.91,850.0,32.0,628.885113
SPY,2025-07-18 08:04:00+00:00,628.89,628.89,628.85,628.85,724.0,15.0,628.879975
SPY,2025-07-18 08:05:00+00:00,628.84,628.84,628.84,628.84,809.0,20.0,628.84
SPY,2025-07-18 08:07:00+00:00,628.76,628.76,628.72,628.72,437.0,13.0,628.746971
SPY,2025-07-18 08:08:00+00:00,628.81,628.81,628.81,628.81,246.0,7.0,628.81
SPY,2025-07-18 08:10:00+00:00,628.72,628.72,628.7,628.72,1019.0,24.0,628.713333
SPY,2025-07-18 08:11:00+00:00,628.89,628.89,628.89,628.89,427.0,12.0,628.89
SPY,2025-07-18 08:12:00+00:00,628.91,628.91,628.91,628.91,433.0,13.0,628.91
SPY,2025-07-18 08:13:00+00:00,628.95,628.95,628.95,628.95,396.0,9.0,628.95
SPY,2025-07-18 08:14:00+00:00,628.94,628.94,628.94,628.94,385.0,7.0,628.94
SPY,2025-07-18 08:15:00+00:00,628.91,628.91,628.89,628.89,1823.0,32.0,628.897918
SPY,2025-07-18 08:16:00+00:00,628.91,628.91,628.9,628.9,778.0,7.0,628.904335
SPY,2025-07-18 08:17:00+00:00,628.9,628.91,628.89,628.91,1008.0,14.0,628.898333
SPY,2025-07-18 08:19:00+00:00,628.98,628.98,628.96,628.98,1006.0,22.0,628.971429
SPY,2025-07-18 08:20:00+00:00,629.05,629.05,629.05,629.05,336.0,17.0,629.05
SPY,2025-07-18 08:21:00+00:00,629.09,629.12,629.09,629.12,1865.0,36.0,629.116158
SPY,2025-07-18 08:22:00+00:00,629.14,629.15,629.05,629.05,738.0,15.0,629.129245
SPY,2025-07-18 08:23:00+00:00,629.02,629.02,629.02,629.02,343.0,11.0,629.02
SPY,2025-07-18 08:24:00+00:00,629.04,629.05,629.04,629.05,2269.0,27.0,629.044325
SPY,2025-07-18 08:27:00+00:00,629.06,629.06,629.06,629.06,382.0,5.0,629.06
SPY,2025-07-18 08:28:00+00:00,629.04,629.04,629.04,629.04,418.0,6.0,629.04
SPY,2025-07-18 08:31:00+00:00,628.96,628.96,628.94,628.94,347.0,12.0,628.949091
SPY,2025-07-18 08:33:00+00:00,628.96,628.97,628.96,628.97,741.0,12.0,628.963333
SPY,2025-07-18 08:34:00+00:00,628.97,628.97,628.9,628.9,2383.0,44.0,628.930276
SPY,2025-07-18 08:35:00+00:00,628.88,628.88,628.88,628.88,185.0,10.0,628.88
SPY,2025-07-18 08:36:00+00:00,628.86,628.86,628.86,628.86,214.0,4.0,628.86
SPY,2025-07-18 08:37:00+00:00,628.88,628.88,628.88,628.88,598.0,14.0,628.88
SPY,2025-07-18 08:39:00+00:00,628.91,628.94,628.91,628.94,476.0,6.0,628.9175
SPY,2025-07-18 08:41:00+00:00,628.93,628.93,628.89,628.89,570.0,13.0,628.901429
SPY,2025-07-18 08:42:00+00:00,628.82,628.86,628.82,628.86,1365.0,22.0,628.84092
SPY,2025-07-18 08:43:00+00:00,628.84,628.9,628.84,628.9,661.0,12.0,628.875
SPY,2025-07-18 08:45:00+00:00,628.92,628.93,628.91,628.93,732.0,18.0,628.92
SPY,2025-07-18 08:50:00+00:00,629.02,629.02,629.02,629.02,383.0,10.0,629.02
SPY,2025-07-18 08:52:00+00:00,629.0,629.0,629.0,629.0,428.0,9.0,629.0
SPY,2025-07-18 08:53:00+00:00,629.02,629.02,629.01,629.01,1395.0,14.0,629.011623
SPY,2025-07-18 08:54:00+00:00,629.04,629.15,629.04,629.15,1653.0,26.0,629.108676
SPY,2025-07-18 08:55:00+00:00,629.06,629.09,629.06,629.09,665.0,20.0,629.076111
SPY,2025-07-18 08:56:00+00:00,628.98,628.98,628.96,628.96,15473.0,69.0,628.962532
SPY,2025-07-18 08:57:00+00:00,628.96,628.96,628.96,628.96,2380.0,23.0,628.96
SPY,2025-07-18 08:58:00+00:00,628.95,628.95,628.95,628.95,289.0,7.0,628.95
SPY,2025-07-18 08:59:00+00:00,628.98,628.98,628.98,628.98,388.0,10.0,628.98
SPY,2025-07-18 09:00:00+00:00,629.01,629.01,628.97,628.97,643.0,15.0,628.993197
SPY,2025-07-18 09:02:00+00:00,629.03,629.03,629.03,629.03,707.0,17.0,629.03
SPY,2025-07-18 09:04:00+00:00,629.1,629.1,629.1,629.1,297.0,9.0,629.1
SPY,2025-07-18 09:06:00+00:00,629.1,629.1,629.1,629.1,601.0,4.0,629.1
SPY,2025-07-18 09:07:00+00:00,629.05,629.05,629.05,629.05,226.0,10.0,629.05
SPY,2025-07-18 09:08:00+00:00,629.06,629.06,629.06,629.06,141.0,6.0,629.06
SPY,2025-07-18 09:10:00+00:00,629.1,629.1,629.1,629.1,212.0,4.0,629.1
SPY,2025-07-18 09:12:00+00:00,629.06,629.06,629.06,629.06,194.0,7.0,629.06
SPY,2025-07-18 09:14:00+00:00,629.07,629.07,629.07,629.07,932.0,35.0,629.07
SPY,2025-07-18 09:16:00+00:00,629.1,629.1,629.1,629.1,332.0,9.0,629.1
SPY,2025-07-18 09:18:00+00:00,629.06,629.06,629.06,629.06,272.0,16.0,629.06
SPY,2025-07-18 09:20:00+00:00,629.03,629.03,629.03,629.03,203.0,4.0,629.03
SPY,2025-07-18 09:21:00+00:00,629.05,629.05,629.05,629.05,232.0,5.0,629.05
SPY,2025-07-18 09:22:00+00:00,629.06,629.06,629.06,629.06,200.0,4.0,629.06
SPY,2025-07-18 09:23:00+00:00,629.06,629.07,629.05,629.06,4650.0,27.0,629.060256
SPY,2025-07-18 09:24:00+00:00,629.06,629.07,629.06,629.06,12111.0,44.0,629.060258
SPY,2025-07-18 09:25:00+00:00,629.05,629.05,629.05,629.05,102.0,3.0,629.05
SPY,2025-07-18 09:26:00+00:00,628.94,628.94,628.94,628.94,370.0,22.0,628.94
SPY,2025-07-18 09:27:00+00:00,629.05,629.05,629.05,629.05,295.0,6.0,629.05
SPY,2025-07-18 09:30:00+00:00,629.08,629.08,629.08,629.08,367.0,12.0,629.08
SPY,2025-07-18 09:33:00+00:00,629.11,629.12,629.11,629.12,1344.0,20.0,629.11625
SPY,2025-07-18 09:35:00+00:00,629.1,629.13,629.1,629.13,3806.0,23.0,629.124375
SPY,2025-07-18 09:36:00+00:00,629.13,629.16,629.13,629.13,3046.0,17.0,629.13411
SPY,2025-07-18 09:38:00+00:00,629.12,629.12,629.12,629.12,504.0,7.0,629.12
SPY,2025-07-18 09:45:00+00:00,629.02,629.02,628.97,628.97,992.0,21.0,628.996667
SPY,2025-07-18 09:51:00+00:00,629.05,629.05,629.05,629.05,406.0,15.0,629.05
SPY,2025-07-18 09:54:00+00:00,629.01,629.02,629.01,629.02,955.0,17.0,629.011545
SPY,2025-07-18 09:59:00+00:00,628.99,628.99,628.99,628.99,254.0,10.0,628.99
SPY,2025-07-18 10:01:00+00:00,628.95,628.98,628.95,628.98,585.0,34.0,628.965
SPY,2025-07-18 10:02:00+00:00,629.02,629.02,629.01,629.01,723.0,17.0,629.015
SPY,2025-07-18 10:05:00+00:00,628.98,628.98,628.98,628.98,503.0,17.0,628.98
SPY,2025-07-18 10:06:00+00:00,629.01,629.01,629.01,629.01,447.0,14.0,629.01
SPY,2025-07-18 10:07:00+00:00,629.0,629.0,629.0,629.0,346.0,9.0,629.0
SPY,2025-07-18 10:08:00+00:00,628.93,628.96,628.92,628.96,625.0,24.0,628.936667
SPY,2025-07-18 10:09:00+00:00,628.96,628.96,628.96,628.96,452.0,9.0,628.96
SPY,2025-07-18 10:10:00+00:00,628.96,628.96,628.91,628.91,1167.0,29.0,628.95
SPY,2025-07-18 10:11:00+00:00,628.91,628.91,628.91,628.91,657.0,16.0,628.91
SPY,2025-07-18 10:12:00+00:00,628.89,628.9,628.89,628.89,588.0,7.0,628.8925
SPY,2025-07-18 10:16:00+00:00,628.85,628.85,628.85,628.85,370.0,10.0,628.85
SPY,2025-07-18 10:18:00+00:00,628.81,628.81,628.81,628.81,225.0,13.0,628.81
SPY,2025-07-18 10:19:00+00:00,628.72,628.72,628.68,628.69,959.0,31.0,628.6975
SPY,2025-07-18 10:20:00+00:00,628.62,628.62,628.56,628.57,1668.0,38.0,628.582222
SPY,2025-07-18 10:21:00+00:00,628.56,628.56,628.49,628.49,5234.0,67.0,628.495316
SPY,2025-07-18 10:22:00+00:00,628.44,628.44,628.4,628.4,682.0,26.0,628.421308
SPY,2025-07-18 10:23:00+00:00,628.41,628.42,628.33,628.33,3396.0,40.0,628.369093
SPY,2025-07-18 10:24:00+00:00,628.33,628.36,628.33,628.36,700.0,22.0,628.35
SPY,2025-07-18 10:25:00+00:00,628.38,628.38,628.38,628.38,256.0,9.0,628.38
SPY,2025-07-18 10:26:00+00:00,628.37,628.39,628.37,628.39,1114.0,21.0,628.373333
SPY,2025-07-18 10:27:00+00:00,628.38,628.38,628.38,628.38,286.0,6.0,628.38
SPY,2025-07-18 10:28:00+00:00,628.44,628.44,628.43,628.44,918.0,19.0,628.435
SPY,2025-07-18 10:29:00+00:00,628.46,628.46,628.4,628.44,4617.0,63.0,628.427807
SPY,2025-07-18 10:30:00+00:00,628.42,628.43,628.38,628.38,2694.0,54.0,628.402187
SPY,2025-07-18 10:32:00+00:00,628.33,628.33,628.33,628.33,834.0,24.0,628.33
SPY,2025-07-18 10:33:00+00:00,628.44,628.52,628.41,628.41,6913.0,91.0,628.494032
SPY,2025-07-18 10:36:00+00:00,628.4,628.4,628.4,628.4,243.0,7.0,628.4
SPY,2025-07-18 10:38:00+00:00,628.36,628.37,628.36,628.37,979.0,12.0,628.363333
SPY,2025-07-18 10:39:00+00:00,628.4,628.5,628.4,628.5,1968.0,34.0,628.426866
SPY,2025-07-18 10:40:00+00:00,628.54,628.54,628.5,628.5,2163.0,41.0,628.530909
SPY,2025-07-18 10:43:00+00:00,628.5,628.5,628.5,628.5,449.0,10.0,628.5
SPY,2025-07-18 10:44:00+00:00,628.45,628.5,628.45,628.5,1249.0,19.0,628.488182
SPY,2025-07-18 10:54:00+00:00,628.48,628.49,628.45,628.45,1375.0,26.0,628.481
SPY,2025-07-18 10:55:00+00:00,628.41,628.41,628.41,628.41,385.0,12.0,628.41
SPY,2025-07-18 10:57:00+00:00,628.49,628.5,628.49,628.5,846.0,9.0,628.4957
SPY,2025-07-18 10:58:00+00:00,628.52,628.52,628.52,628.52,800.0,20.0,628.52
SPY,2025-07-18 10:59:00+00:00,628.51,628.51,628.51,628.51,265.0,10.0,628.51
SPY,2025-07-18 11:00:00+00:00,628.45,628.65,628.41,628.65,6516.0,135.0,628.478141
SPY,2025-07-18 11:01:00+00:00,628.63,628.64,628.61,628.61,2372.0,29.0,628.63
SPY,2025-07-18 11:02:00+00:00,628.67,628.67,628.45,628.48,5424.0,97.0,628.536624
SPY,2025-07-18 11:03:00+00:00,628.5,628.5,628.45,628.46,3822.0,46.0,628.471689
SPY,2025-07-18 11:04:00+00:00,628.439,628.46,628.4,628.4,1399.0,39.0,628.43825
SPY,2025-07-18 11:05:00+00:00,628.42,628.42,628.39,628.39,630.0,23.0,628.4
SPY,2025-07-18 11:06:00+00:00,628.33,628.38,628.33,628.38,1956.0,31.0,628.3648
SPY,2025-07-18 11:07:00+00:00,628.32,628.36,628.32,628.35,659.0,10.0,628.333487
SPY,2025-07-18 11:08:00+00:00,628.37,628.38,628.369,628.379,1978.0,22.0,628.373861
SPY,2025-07-18 11:09:00+00:00,628.38,628.429,628.38,628.429,1505.0,23.0,628.407833
SPY,2025-07-18 11:10:00+00:00,628.46,628.46,628.38,628.38,3646.0,49.0,628.422317
SPY,2025-07-18 11:11:00+00:00,628.41,628.42,628.37,628.39,6642.0,51.0,628.3905
SPY,2025-07-18 11:13:00+00:00,628.43,628.47,628.43,628.47,1324.0,18.0,628.437641
SPY,2025-07-18 11:14:00+00:00,628.36,628.36,628.33,628.33,508.0,15.0,628.345
SPY,2025-07-18 11:15:00+00:00,628.33,628.39,628.33,628.39,1266.0,19.0,628.349164
SPY,2025-07-18 11:16:00+00:00,628.38,628.42,628.35,628.35,2446.0,30.0,628.385584
SPY,2025-07-18 11:17:00+00:00,628.37,628.37,628.34,628.36,806.0,12.0,628.353333
SPY,2025-07-18 11:18:00+00:00,628.33,628.33,628.24,628.24,1835.0,55.0,628.281478
SPY,2025-07-18 11:19:00+00:00,628.24,628.24,628.18,628.19,4230.0,52.0,628.212219
SPY,2025-07-18 11:20:00+00:00,628.21,628.33,628.21,628.32,1197.0,21.0,628.261429
SPY,2025-07-18 11:21:00+00:00,628.3,628.369,628.28,628.369,535.0,13.0,628.311316
SPY,2025-07-18 11:22:00+00:00,628.34,628.38,628.33,628.35,4839.0,78.0,628.349333
SPY,2025-07-18 11:23:00+00:00,628.38,628.45,628.38,628.43,1821.0,27.0,628.427059
SPY,2025-07-18 11:25:00+00:00,628.38,628.4,628.37,628.4,4608.0,69.0,628.383385
SPY,2025-07-18 11:26:00+00:00,628.41,628.42,628.4,628.4,953.0,20.0,628.41
SPY,2025-07-18 11:27:00+00:00,628.36,628.41,628.36,628.41,716.0,15.0,628.397469
SPY,2025-07-18 11:28:00+00:00,628.41,628.41,628.41,628.41,172.0,3.0,628.41
SPY,2025-07-18 11:29:00+00:00,628.41,628.42,628.41,628.42,486.0,13.0,628.415
SPY,2025-07-18 11:30:00+00:00,628.42,628.46,628.42,628.45,1281.0,34.0,628.44
SPY,2025-07-18 11:31:00+00:00,628.45,628.48,628.45,628.45,2133.0,32.0,628.465078
SPY,2025-07-18 11:32:00+00:00,628.43,628.43,628.43,628.43,537.0,15.0,628.43
SPY,2025-07-18 11:33:00+00:00,628.42,628.42,628.42,628.42,755.0,25.0,628.42
SPY,2025-07-18 11:34:00+00:00,628.45,628.46,628.45,628.46,713.0,17.0,628.455
SPY,2025-07-18 11:35:00+00:00,628.46,628.46,628.46,628.46,254.0,12.0,628.46
SPY,2025-07-18 11:36:00+00:00,628.48,628.48,628.46,628.46,767.0,11.0,628.475
SPY,2025-07-18 11:37:00+00:00,628.45,628.45,628.41,628.41,581.0,13.0,628.4325
SPY,2025-07-18 11:38:00+00:00,628.389,628.389,628.36,628.38,758.0,17.0,628.373167
SPY,2025-07-18 11:39:00+00:00,628.429,628.429,628.37,628.42,7292.0,49.0,628.417865
SPY,2025-07-18 11:40:00+00:00,628.4,628.4,628.4,628.4,1024.0,14.0,628.4
SPY,2025-07-18 11:41:00+00:00,628.36,628.36,628.35,628.35,2292.0,26.0,628.351669
SPY,2025-07-18 11:42:00+00:00,628.38,628.449,628.38,628.449,647.0,8.0,628.421261
SPY,2025-07-18 11:43:00+00:00,628.42,628.42,628.42,628.42,484.0,18.0,628.42
SPY,2025-07-18 11:46:00+00:00,628.47,628.5,628.45,628.48,6937.0,85.0,628.46817
SPY,2025-07-18 11:47:00+00:00,628.52,628.56,628.47,628.47,3651.0,51.0,628.51876
SPY,2025-07-18 11:48:00+00:00,628.42,628.54,628.41,628.54,2103.0,43.0,628.474633
SPY,2025-07-18 11:49:00+00:00,628.52,628.52,628.48,628.49,1360.0,30.0,628.509
SPY,2025-07-18 11:50:00+00:00,628.48,628.59,628.48,628.56,9393.0,112.0,628.539057
SPY,2025-07-18 11:51:00+00:00,628.56,628.59,628.5,628.59,6534.0,56.0,628.526878
SPY,2025-07-18 11:52:00+00:00,628.63,628.67,628.63,628.66,3860.0,57.0,628.662604
SPY,2025-07-18 11:53:00+00:00,628.67,628.67,628.54,628.54,14053.0,98.0,628.599488
SPY,2025-07-18 11:54:00+00:00,628.58,628.67,628.58,628.67,3678.0,52.0,628.636125
SPY,2025-07-18 11:55:00+00:00,628.67,628.67,628.57,628.58,2857.0,28.0,628.592162
SPY,2025-07-18 11:56:00+00:00,628.57,628.57,628.5,628.5,2530.0,31.0,628.513105
SPY,2025-07-18 11:57:00+00:00,628.49,628.55,628.49,628.54,2478.0,21.0,628.517753
SPY,2025-07-18 11:58:00+00:00,628.51,628.53,628.51,628.53,376.0,15.0,628.52
SPY,2025-07-18 11:59:00+00:00,628.51,628.52,628.48,628.48,870.0,12.0,628.502743
SPY,2025-07-18 12:00:00+00:00,629.2,629.65,628.21,628.7,58666.0,1466.0,628.599548
SPY,2025-07-18 12:01:00+00:00,629.36,629.36,628.64,628.64,9319.0,460.0,628.853294
SPY,2025-07-18 12:02:00+00:00,628.6401,628.6401,628.62,628.62,1011.0,71.0,628.623
SPY,2025-07-18 12:03:00+00:00,628.6,628.6,628.55,628.58,1766.0,52.0,628.573841
SPY,2025-07-18 12:04:00+00:00,628.56,628.679,628.56,628.61,2680.0,45.0,628.650491
SPY,2025-07-18 12:05:00+00:00,628.59,628.59,628.49,628.49,8965.0,92.0,628.532829
SPY,2025-07-18 12:06:00+00:00,628.5,628.55,628.5,628.55,14097.0,70.0,628.522906
SPY,2025-07-18 12:07:00+00:00,628.62,628.62,628.54,628.54,714.0,39.0,628.5925
SPY,2025-07-18 12:08:00+00:00,628.4507,628.47,628.44,628.45,1360.0,44.0,628.453022
SPY,2025-07-18 12:09:00+00:00,628.53,628.56,628.53,628.56,696.0,42.0,628.545
SPY,2025-07-18 12:10:00+00:00,628.5999,628.5999,628.5999,628.5999,520.0,18.0,628.5999
SPY,2025-07-18 12:11:00+00:00,628.61,628.61,628.58,628.59,3294.0,78.0,628.599524
SPY,2025-07-18 12:12:00+00:00,628.6599,628.68,628.61,628.61,1858.0,62.0,628.662544
SPY,2025-07-18 12:13:00+00:00,628.66,628.66,628.58,628.59,1974.0,40.0,628.607536
SPY,2025-07-18 12:14:00+00:00,628.57,628.67,628.57,628.67,1132.0,50.0,628.642
SPY,2025-07-18 12:15:00+00:00,628.58,628.719,628.58,628.7,17679.0,257.0,628.64989
SPY,2025-07-18 12:16:00+00:00,628.7,628.8188,628.7,628.8,3278.0,78.0,628.741113
SPY,2025-07-18 12:17:00+00:00,628.76,628.81,628.67,628.67,7712.0,117.0,628.737767
